id,title
phi0474_phi001_perseus-lat2,For P. Quinctio
phi0474_phi002_perseus-lat2,Sextus Roscius
phi0474_phi003_perseus-lat2,Quintus Roscius
phi0474_phi004_perseus-lat2,Against Quintus Caecilius
phi0474_phi005_perseus-lat2,Against Verres
phi0474_phi006_perseus-lat2,On Behalf of Marcus Tullius
phi0474_phi007_perseus-lat2,On Behalf Of Marcus Fonteius
phi0474_phi008_perseus-lat2,On Behalf of Aulus Caecina
phi0474_phi009_perseus-lat2,In Defense of the Proposed Manilian Law
phi0474_phi010_perseus-lat2,In Defense of Aulus Cluentius Habitus
phi0474_phi011_perseus-lat2,Orations on the Agrarian Law
phi0474_phi012_perseus-lat2,In Defense of Caius Rabirius
phi0474_phi013_perseus-lat2,Four Orations Against Lucius Catilina
phi0474_phi014_perseus-lat2,In Defense of L. Murena
phi0474_phi015_perseus-lat2,In Defense of Publius Sulla
phi0474_phi016_perseus-lat2,For Aulus Licinius Archias
phi0474_phi017_perseus-lat2,In Defense of Lucius Flaccus
phi0474_phi018_perseus-lat2,To the Citizens after his Return
phi0474_phi019_perseus-lat2,In the Senate after his Return
phi0474_phi020_perseus-lat1,Address to the Priests 
phi0474_phi021_perseus-lat1,Respecting the Answers of the Soothsayers 
phi0474_phi022_perseus-lat1,In Defense of Publius Sestius 
phi0474_phi023_perseus-lat1,Against Publius Vatinius 
phi0474_phi024_perseus-lat2,In Defense of Marcus Caelius 
phi0474_phi025_perseus-lat1,On the Subject of the Consular Provinces 
phi0474_phi026_perseus-lat1,In Defense of Lucius Cornelius Balbus 
phi0474_phi027_perseus-lat1,Against Lucius Calpurnius Piso 
phi0474_phi028_perseus-lat1,In Defense of Cnaeus Plancius 
phi0474_phi029_perseus-lat1,In Defense of Marcus Aemilius Scaurus 
phi0474_phi030_perseus-lat1,In Defense of Caius Rabirius Postumus 
phi0474_phi031_perseus-lat1,In Defense of Titus Annius Milo 
phi0474_phi032_perseus-lat1,On Behalf of Marcus Claudius Marcellus 
phi0474_phi033_perseus-lat1,In Defense of Quintus Ligarius 
phi0474_phi034_perseus-lat1,On Behalf of King Deiotarus 
phi0474_phi035_perseus-lat1,Philippicae Orationes 
phi0474_phi036_perseus-lat1,De Inventione
phi0474_phi037_perseus-lat1,De Oratore
phi0474_phi038_perseus-lat1,De Partitione Oratoria
phi0474_phi039_perseus-lat1,Brutus
phi0474_phi040_perseus-lat1,Orator
phi0474_phi041_perseus-lat1,De Optimo Genere Oratorum
phi0474_phi042_perseus-lat1,Topica
phi0474_phi043_perseus-lat1,De Republica
phi0474_phi045_perseus-lat1,Academica
phi0474_phi046_perseus-lat1,Lucullus
phi0474_phi047_perseus-lat1,Paradoxa stoicorum ad M. Brutum
phi0474_phi048_perseus-lat1,de Finibus Bonorum et Malorum
phi0474_phi049_perseus-lat1,Tusculanae Disputationes
phi0474_phi050_perseus-lat1,de Natura Deorum
phi0474_phi051_perseus-lat1,De Senectute
phi0474_phi052_perseus-lat2,Laelius De Amicitia
phi0474_phi053_perseus-lat1,De Divinatione
phi0474_phi054_perseus-lat1,De Fato
phi0474_phi055_perseus-lat1,De Officiis
phi0474_phi056_perseus-lat1,Epistulae ad Familiares
phi0474_phi057_perseus-lat1,Letters to Atticus
phi0474_phi058_perseus-lat1,Letters to and from Quintus
phi0474_phi059_perseus-lat1,Letters to and from Brutus
phi0474_phi072_perseus-lat1,Timaeus
