id	title	date	repository	URL
BSR_00236d819379c1b98d349ee6c84d12ca	Honours for L. Silius Amicus Haterianus	Third century A.D. (lettering)	British School at Rome	http://irt.kcl.ac.uk/irt2009/IRT542.html
BSR_0027d5139bc03326d1295c2b37b942de	Fragmentary honours	Second century A.D. (lettering)	British School at Rome	http://irt.kcl.ac.uk/irt2009/IRT605.html
BSR_00a8f5795d12fade8d9c551cf88a1500	Fragmentary dedication to Septimius Severus	A.D. 201 or 202 (titulature)	British School at Rome	http://irt.kcl.ac.uk/irt2009/IRT394.html
BSR_011832e54043aa162995dbaa78f17bf1	Building dedication to Tiberius for road paving	A.D. 35-36 (reign, titulature)	British School at Rome	http://irt.kcl.ac.uk/irt2009/IRT331.html
BSR_012e008139adbc474d7964629662b506	Building dedication to Marcus Aurelius and Lucius Verus	A.D. 163-164 (reign, titulature)	British School at Rome	http://irt.kcl.ac.uk/irt2009/IRT232.html
BSR_01509ada1ab13e8297925513f28f40a2	Fragmentary dedication to Claudius	A.D. 41-54. (reign)	British School at Rome	http://irt.kcl.ac.uk/irt2009/IRT339.html
BSR_015ffb2bf00a7c76eb57be90329594be	Fragmentary dedication to Hadrian or Antoninus Pius	A.D. 117-161 (reign)	British School at Rome	http://irt.kcl.ac.uk/irt2009/IRT379.html
BSR_0166fb401b59fabaa95bec539f940a69	Fragment	Second to third centuries (lettering)	British School at Rome	http://irt.kcl.ac.uk/irt2009/IRT165.html
BSR_0253a74945aecc543f47f1f3945a53f6	Christian funerary inscription	Fifth century A.D. (context)	British School at Rome	http://irt.kcl.ac.uk/irt2009/IRT834.html
BSR_0285f71519096c58d2be844dfec2f222	Dedication to Sarapis	Unknown	British School at Rome	http://irt.kcl.ac.uk/irt2009/IRT309.html
BSR_02d1827e95af60b9930e31acbee9a71b	Christian funerary inscription of Irene	Sixth-seventh century A.D. (context, form)	British School at Rome	http://irt.kcl.ac.uk/irt2009/IRT209.html
BSR_02f242efe468dcfee7d599d1d0e812af	Fragmentary honours	not earlier than second century A.D. (lettering)	British School at Rome	http://irt.kcl.ac.uk/irt2009/IRT116.html
BSR_02fe3f5692123d9c46fc47aff240db42	Title for an image of Liber Pater, Amor and Apollo	Third century A.D. (lettering)	British School at Rome	http://irt.kcl.ac.uk/irt2009/IRT299.html
BSR_032c8eec319da34ab545ffe6427f7aaa	Dedication to Maximin the younger	A.D. 236 (from 452)	British School at Rome	http://irt.kcl.ac.uk/irt2009/IRT453.html
BSR_03736924148d402edafc885e90d6a63d	Fragment	Fourth century A.D. (lettering)	British School at Rome	http://irt.kcl.ac.uk/irt2009/IRT771.html
BSR_03b8fd0e629fa6d9783155983c4a651e	Fragmentaryhonours	Third century A.D. (lettering.)	British School at Rome	http://irt.kcl.ac.uk/irt2009/IRT556.html
BSR_03bd4eed967306d71790ec3af8d3d6dd	Dedication to Geta	Between 10th Dec 199 and 9th Dec 200 (titulature; from 390, 419).	British School at Rome	http://irt.kcl.ac.uk/irt2009/IRT433.html
BSR_041cef6e0a29e57c0eb3e2d0f8332b26	Christian funerary inscription of Theodorus	Fifth-seventh century A.D. (context, form)	British School at Rome	http://irt.kcl.ac.uk/irt2009/IRT221.html
BSR_044aaee755aa5941803de9d85a21d889	Honours for C. Flavius Pudens	Second to third centuries A.D. (lettering)	British School at Rome	http://irt.kcl.ac.uk/irt2009/IRT120.html
BSR_049e58bb0653d7715cc4f867864a236c	Fragment	Second to third centuries A.D. (lettering)	British School at Rome	http://irt.kcl.ac.uk/irt2009/IRT698.html
BSR_04a90791869e67e1b6035f64db2e9908	Fragmentary funerary inscription of Aurellius Nazmuri	Third century A.D. (lettering)	British School at Rome	http://irt.kcl.ac.uk/irt2009/IRT891.html
BSR_053d9b6678748b1861e0ea3e07e031e9	Dedication to Septimius Severus	A.D. 198 (titulature)	British School at Rome	http://irt.kcl.ac.uk/irt2009/IRT388.html
BSR_056d9471598620c84441670582f59365	Dedication to Antoninus Pius by Sabratha	circa A.D. 143 (titulature)	British School at Rome	http://irt.kcl.ac.uk/irt2009/IRT018.html
BSR_05b84030c8a8da1c5be046fee4c16027	Dedication to Liber Pater	Fist century A.D. (language)	British School at Rome	http://irt.kcl.ac.uk/irt2009/IRT294.html
BSR_05bcc83d087223842f61f78b281a0b13	Funerary inscription by Calpurnia Licina Sadith	Second to third century A.D. (lettering)	British School at Rome	http://irt.kcl.ac.uk/irt2009/IRT676.html
BSR_060f132c729952066a5c386eeba29390	Fragmentary dedication	Second to third centuries (lettering)	British School at Rome	http://irt.kcl.ac.uk/irt2009/IRT701.html
ELTE_003d227dcd75519f88ed91130b80b1a4	altar dedicated to Iuppiter	232	Eötvös Loránd Tudományegyetem	http://regeszet.elte.hu/eagle/index.php?id=46
ELTE_007e8864bbc9c54344405f4a884676c2	epitaph of M. Valerius Valerianus	193-235	Eötvös Loránd Tudományegyetem	http://regeszet.elte.hu/eagle/index.php?id=85
ELTE_00ac3c5fe2ce49b66f735f2521a40a43	altar dedicated to Iuppiter Conservator	151-300	Eötvös Loránd Tudományegyetem	http://regeszet.elte.hu/eagle/index.php?id=271
ELTE_015672b8e294d717b53371efabf514af			Eötvös Loránd Tudományegyetem	http://regeszet.elte.hu/eagle/index.php?id=471
ELTE_018d214b1d385a9e5ffaf014b3710b00			Eötvös Loránd Tudományegyetem	http://regeszet.elte.hu/eagle/index.php?id=473
ELTE_0283379b8c43b192c0d7131124b5eaa4	epitaph raised by Caecilius Rufus	151 AD – 300 AD	Eötvös Loránd Tudományegyetem	http://regeszet.elte.hu/eagle/index.php?id=343
ELTE_03980be0673822e07efde38055318ba3	epitaph of Publio Senecionius Lucianus	193-235	Eötvös Loránd Tudományegyetem	http://regeszet.elte.hu/eagle/index.php?id=22
ELTE_03d0e49e7e39c6dc0410e3c48380879e	epitaph of Flavius? [---]		Eötvös Loránd Tudományegyetem	http://regeszet.elte.hu/eagle/index.php?id=351
ELTE_03e2e63c5e557f6b7b0aa9a5f22bf274	altar dedicated to Minerva	151-300	Eötvös Loránd Tudományegyetem	http://regeszet.elte.hu/eagle/index.php?id=119
ELTE_03e36e2ccff3df355ecfc65db3627ab9	dedicatory altar of Claudius Pusinnius and Aurelius Eutuches	151-300	Eötvös Loránd Tudományegyetem	http://regeszet.elte.hu/eagle/index.php?id=129
ELTE_05186e3b71f8d2a208118b1b85dfc641			Eötvös Loránd Tudományegyetem	http://regeszet.elte.hu/eagle/index.php?id=496
ELTE_06074c55d8cd6b411387d8c8185b0a27	glas paste of a coin		Eötvös Loránd Tudományegyetem	http://regeszet.elte.hu/eagle/index.php?id=384
ELTE_0733dcd2dd0fe1e595b10d0bb4913084	milestone from the time of the Severan dynasty	193-235	Eötvös Loránd Tudományegyetem	http://regeszet.elte.hu/eagle/index.php?id=67
ELTE_077620b8e17ccda0225cd8d9f26fe88a	epitaph of Aelius Marinius	151-300	Eötvös Loránd Tudományegyetem	http://regeszet.elte.hu/eagle/index.php?id=207
ELTE_078b6338fb975366be107533fd92bf6c	altar dedicated to Silvanus Domesticus	201-300	Eötvös Loránd Tudományegyetem	http://regeszet.elte.hu/eagle/index.php?id=128
ELTE_084ea6812e28da92829baef8e4499f33	epitaph of Titus Atonius Fortunatus	200-250	Eötvös Loránd Tudományegyetem	http://regeszet.elte.hu/eagle/index.php?id=183
ELTE_086925a66c1c21dff7c35fb9dbb9e2e0	altar dedicated to Genius Loci and Fortuna conservatrix	269 AD	Eötvös Loránd Tudományegyetem	http://regeszet.elte.hu/eagle/index.php?id=416
ELTE_08aa76693d116a1cca0d93005fa94ff6	altar dedicated to Iuppiter	171-300	Eötvös Loránd Tudományegyetem	http://regeszet.elte.hu/eagle/index.php?id=229
ELTE_0a083331f6257179967f4bcd9e7d800d	altar dedicated to Iuppiter	151-300	Eötvös Loránd Tudományegyetem	http://regeszet.elte.hu/eagle/index.php?id=266
ELTE_0a4df63e10c9b81a35447ec3aa2f0c3a	altar dedicated to Minerva	229	Eötvös Loránd Tudományegyetem	http://regeszet.elte.hu/eagle/index.php?id=120
ELTE_0ae6b20675ee5efa64f459257a7a0426	altar dedicated to Silvanus Silvestris	151-300	Eötvös Loránd Tudományegyetem	http://regeszet.elte.hu/eagle/index.php?id=277
ELTE_0b111c30c6b835353435fbadfb0ccff1			Eötvös Loránd Tudományegyetem	http://regeszet.elte.hu/eagle/index.php?id=545
ELTE_0b339a184b637fb48f5eade440f8d69f	epitaph of M. Ulp. Priscus		Eötvös Loránd Tudományegyetem	http://regeszet.elte.hu/eagle/index.php?id=318
ELTE_0c8b99dc02f9be0687a20704ecedcc1c	epitaph of Aelia Messorina	151-300	Eötvös Loránd Tudományegyetem	http://regeszet.elte.hu/eagle/index.php?id=136
ELTE_0da8b50c79e264eef2fcb9856d22fe76	milestone of Maximinus Thrax and Maximus Caesar	236-237	Eötvös Loránd Tudományegyetem	http://regeszet.elte.hu/eagle/index.php?id=8
ELTE_0dcca3fa1b2fc28fc4b95fa41f258378	sarcophagus of Venusia Proculina	211-235	Eötvös Loránd Tudományegyetem	http://regeszet.elte.hu/eagle/index.php?id=20
ELTE_0e2a9684c8885bc435c66d3e58756bba	altar dedicated to Iuppiter		Eötvös Loránd Tudományegyetem	http://regeszet.elte.hu/eagle/index.php?id=421
ELTE_0f1ef2785083d69131ea401d34a98323	altar dedicated to Baltis	151-300	Eötvös Loránd Tudományegyetem	http://regeszet.elte.hu/eagle/index.php?id=159
ELTE_0f6ab78824dc53fabea8421ac03c199d	epitaph of T. Claudius [---]		Eötvös Loránd Tudományegyetem	http://regeszet.elte.hu/eagle/index.php?id=369
ELTE_1082d1228be587226d234ee977f98637			Eötvös Loránd Tudományegyetem	http://regeszet.elte.hu/eagle/index.php?id=510
EDB_0002ac0d783338cfeab0b2bdbd872cda	Inscription from Rome, Coem. Maius - ICVR VIII, 22054.e		Epigraphic Dabatase Bari	http://www.edb.uniba.it/epigraph/36492
EDB_0004d0b59e19461ff126e3a08a814c33	Inscription from Rome, Coem. anonymum ad viam Appiam - ICVR IV, 12179.f		Epigraphic Dabatase Bari	http://www.edb.uniba.it/epigraph/1970
EDB_00053f5e11d1fe4e49a221165b39abc9	Inscription from Rome, Coem. Cyriacae ad s.Laurentium - ICVR VII, 17576	0460 AD - 0460 AD	Epigraphic Dabatase Bari	http://www.edb.uniba.it/epigraph/20074
EDB_0006aabe0ba47a35c0b0bf6596f85159	Inscription from Rome, Coem. Priscillae - ICVR IX, 25746.c		Epigraphic Dabatase Bari	http://www.edb.uniba.it/epigraph/18829
EDB_0006dd05ea1e999ddaa041a7091b7b36	Inscription from Rome, Basilica ss. Nerei et Achillei in coem. Domitillae - ICVR III, 8381.b		Epigraphic Dabatase Bari	http://www.edb.uniba.it/epigraph/25593
EDB_0007789b118e4710fc0e7c8758a6532a	Inscription from Rome, Coem. et basilica s.Valentini - ICVR X, 27630.b		Epigraphic Dabatase Bari	http://www.edb.uniba.it/epigraph/35837
EDB_0007cda84fafdcf42f96c4f4adb7f8ce	Inscription from Rome, Coem. subterraneum ad Catacumbas - ICVR V, 13264.d	0300 AD - 0399 AD	Epigraphic Dabatase Bari	http://www.edb.uniba.it/epigraph/9700
EDB_000871c1fc726f0b52dc86a4eeb027de	Inscription from Rome, Coem. Praetextati - ICVR V, 14123	0325 AD - 0374 AD	Epigraphic Dabatase Bari	http://www.edb.uniba.it/epigraph/4612
EDB_000a91f3e374e6147d58ed1814247508	Inscription from Rome, Coem. Cyriacae ad s.Laurentium - ICVR VII, 19258	0300 AD - 0399 AD	Epigraphic Dabatase Bari	http://www.edb.uniba.it/epigraph/30390
EDB_000c076c390a4c357313fca29e390ece	Inscription from Rome, Coem. ss.Marcellini et Petri - ICVR VI, 16930.d	0390 AD - 0424 AD	Epigraphic Dabatase Bari	http://www.edb.uniba.it/epigraph/6095
EDB_000cb7efa8a05429dd5309b4bea2eb0c	Inscription from Rome - ICVR I, 3454		Epigraphic Dabatase Bari	http://www.edb.uniba.it/epigraph/33363
EDB_000e82a96e908e73372bed4e5cb98096	Inscription from Rome, Coem. ss.Marcellini et Petri - ICVR VI, 16452.a	0290 AD - 0324 AD	Epigraphic Dabatase Bari	http://www.edb.uniba.it/epigraph/11610
EDB_00106ac9184e7d54b570d0f0cb0c38b2	Inscription from Rome, Coem. Cyriacae ad s.Laurentium - ICVR VII, 17738	0300 AD - 0399 AD	Epigraphic Dabatase Bari	http://www.edb.uniba.it/epigraph/34761
EDB_00126b47d5502dfb7d01f750ad23d813	Inscription from Rome, Tituli qui in coem. Callisti reperti traduntur - ICVR III, 8973		Epigraphic Dabatase Bari	http://www.edb.uniba.it/epigraph/16774
EDB_0014fcb3db4c8459d26309b177005b10	Inscription from Rome, Coem. Cyriacae ad s.Laurentium - ICVR VII, 18310.c	0300 AD - 0399 AD	Epigraphic Dabatase Bari	http://www.edb.uniba.it/epigraph/28423
EDB_00185f45337c418db73f253e8b967c6c	Inscription from Rome, Coem. Cyriacae ad s.Laurentium - ICVR VII, 19893.b	0300 AD - 0399 AD	Epigraphic Dabatase Bari	http://www.edb.uniba.it/epigraph/34079
EDB_001b8e3cf76f4e64cbe5be9882db4aa0	Inscription from Rome, Coem. Iordanorum - ICVR IX, 24623.a		Epigraphic Dabatase Bari	http://www.edb.uniba.it/epigraph/12977
EDB_001c728a3046207c685f7f478f4bb41b	Inscription from Rome, Museum paulianum - ICVR II, 5936	0350 AD - 0399 AD	Epigraphic Dabatase Bari	http://www.edb.uniba.it/epigraph/21461
EDB_001d908c7637618bb0a8af0c8be5cd41	Inscription from Rome, Coem. Cyriacae ad s.Laurentium - ICVR VII, 18326.b	0300 AD - 0399 AD	Epigraphic Dabatase Bari	http://www.edb.uniba.it/epigraph/28462
EDB_0023a1e3447fdb31836536cc903f1310	Inscription from Rome, Coem. Priscillae - ICVR IX, 25579	0290 AD - 0324 AD	Epigraphic Dabatase Bari	http://www.edb.uniba.it/epigraph/10013
EDB_0023daa5a44ef6fbe42379f24e00254c	Inscription from Rome, Tituli qui in coem. Callisti reperti traduntur - ICVR III, 9239		Epigraphic Dabatase Bari	http://www.edb.uniba.it/epigraph/17684
EDB_00254d816728ef385187c60b08cb5c10	Inscription from Rome, Tituli qui in coem. Callisti reperti traduntur - ICVR III, 9365	0401 AD - 0401 AD	Epigraphic Dabatase Bari	http://www.edb.uniba.it/epigraph/20435
EDB_0029f088c57ad3b6ec589f9ba4f7a057	Inscription from Rome, Coem. Iordanorum - ICVR IX, 24454.d	0300 AD - 0399 AD	Epigraphic Dabatase Bari	http://www.edb.uniba.it/epigraph/18363
EDB_002c3a40ac50dc870f1ff386f11f5bae	Inscription from Rome, Coem. Pontiani - ICVR II, 4725	0300 AD - 0399 AD	Epigraphic Dabatase Bari	http://www.edb.uniba.it/epigraph/11205
EDB_002f9c8cee878b64a747a2c211da7d83	Inscription from Rome, Coem. et basilica s.Valentini - ICVR X, 27271	0390 AD - 0424 AD	Epigraphic Dabatase Bari	http://www.edb.uniba.it/epigraph/17591
EDB_00368789723d67f4d768abd29b985b24	Inscription from Rome, Coem. et basilica s.Valentini - ICVR X, 27396	0300 AD - 0399 AD	Epigraphic Dabatase Bari	http://www.edb.uniba.it/epigraph/17793
EDB_0038c2d25686470c660de62bf5466fe3	Inscription from Rome - ICVR I, 3918	0400 AD - 0499 AD	Epigraphic Dabatase Bari	http://www.edb.uniba.it/epigraph/33879
EDB_003af5a042e00ac9b489153a81d676ca	Inscription from Rome - ICVR I, 1410	0350 AD - 0425 AD	Epigraphic Dabatase Bari	http://www.edb.uniba.it/epigraph/30979
EDB_003bed21fddc817050c8fa11897fe660	Inscription from Rome, Coem. Bassillae ad s.Hermetem - ICVR X, 26715	0300 AD - 0349 AD	Epigraphic Dabatase Bari	http://www.edb.uniba.it/epigraph/17382
EDB_003dd617c12d444ff9c80f717c3fa982	Inscription from Rome, Coem. Priscillae - ICVR IX, 25074	0300 AD - 0349 AD	Epigraphic Dabatase Bari	http://www.edb.uniba.it/epigraph/9491
EDB_003fd8188c1a5913a61bba3db2c670e8	Inscription from Rome - ICVR I, 1065	0350 AD - 0399 AD	Epigraphic Dabatase Bari	http://www.edb.uniba.it/epigraph/29945
EDB_004083e4d334ba508ba2c419fa300fd7	Inscription from Rome - ICVR I, 3348		Epigraphic Dabatase Bari	http://www.edb.uniba.it/epigraph/33271
EDB_00411460f7c92d2124a67ea0f4cb5f85	Inscription from Rome, Coem. subdiale ad Catacumbas - ICVR V, 13567.b		Epigraphic Dabatase Bari	http://www.edb.uniba.it/epigraph/363
EDB_00430c0c1fae276c9713ab5f21167882	Inscription from Rome, Coemeteria inter s.Felicitatem et viam Anapo - ICVR IX, 24163	0300 AD - 0399 AD	Epigraphic Dabatase Bari	http://www.edb.uniba.it/epigraph/8206
EDB_0044deeec43ded19b952125079eb1781	Inscription from Rome, Coem. ss.Marcellini et Petri - ICVR VI, 16086.c		Epigraphic Dabatase Bari	http://www.edb.uniba.it/epigraph/8878
EDB_00482b9bed15a272730fcb590ffebddd	Inscription from Rome, Coem. s.Zotici - ICVR VI, 17251.a	0375 AD - 0399 AD	Epigraphic Dabatase Bari	http://www.edb.uniba.it/epigraph/8006
EDB_004881ebe3826cf16cfd124968f2a5bb	Inscription from Rome, Coem. Iordanorum - ICVR IX, 24624.m	0300 AD - 0399 AD	Epigraphic Dabatase Bari	http://www.edb.uniba.it/epigraph/12223
EDB_00498fd626d602ffabe6acc9636155b7	Inscription from Rome - ICVR I, 3455	0325 AD - 0374 AD	Epigraphic Dabatase Bari	http://www.edb.uniba.it/epigraph/33364
EDB_004a68efcee088ddeaaca5c5a3afaa2f	Inscription from Rome, Coem. Bassillae ad s.Hermetem - ICVR X, 27130	0290 AD - 0324 AD	Epigraphic Dabatase Bari	http://www.edb.uniba.it/epigraph/12558
EDB_004acbc8eefec9fe0629b15f52b94bcf	Inscription from Rome, Coem. Cyriacae ad s.Laurentium - ICVR VII, 19638.b	0300 AD - 0399 AD	Epigraphic Dabatase Bari	http://www.edb.uniba.it/epigraph/31074
EDB_004dbbb73c0e3933d191fa195500d018	Inscription from Rome, Memoria Apostolorum ad Catacumbas - ICVR V, 13019.c	0250 AD - 0299 AD	Epigraphic Dabatase Bari	http://www.edb.uniba.it/epigraph/26801
EDB_004eef55e164cde4b29b93bd64c6d468	Inscription from Rome, Coem. ss.Marcellini et Petri - ICVR VI, 16756.c		Epigraphic Dabatase Bari	http://www.edb.uniba.it/epigraph/11980
EDB_00509e33150cba19d677c83ad03febae	Inscription from Rome, Coem. s.Felicitatis - ICVR VIII, 23402.a	0356 AD - 0356 AD	Epigraphic Dabatase Bari	http://www.edb.uniba.it/epigraph/21820
EDR_0001567aa61cbb67abec77f59843a99c	Inscription from Aquileia	200 AD - 400 AD	Epigraphic Database Roma	http://www.edr-edr.it/edr_programmi/res_complex_comune.php?id_nr=EDR007147
EDR_0003f91c1294aaf82ad2328482ee9624	Inscription from Altinum	1 AD - 100 AD	Epigraphic Database Roma	http://www.edr-edr.it/edr_programmi/res_complex_comune.php?id_nr=EDR099214
EDR_00042682fe62a577d20cc37902826ab7	Inscription from Volsinii		Epigraphic Database Roma	http://www.edr-edr.it/edr_programmi/res_complex_comune.php?id_nr=EDR130400
EDR_0004e6b0269858579c98938cda987af4	Inscription from Ostia	151 AD - 200 AD	Epigraphic Database Roma	http://www.edr-edr.it/edr_programmi/res_complex_comune.php?id_nr=EDR144036
EDR_0006610a56922d848d8eea3aacf29e71	Inscription from Praeneste	-150 BC - -120 BC	Epigraphic Database Roma	http://www.edr-edr.it/edr_programmi/res_complex_comune.php?id_nr=EDR110689
EDR_00066d21a523a636bac6ac088e312f2f	Inscription from Roma	201 AD - 300 AD	Epigraphic Database Roma	http://www.edr-edr.it/edr_programmi/res_complex_comune.php?id_nr=EDR029580
EDR_00098dca7a69594ea74c7cce522e82ac	Inscription from Aquinum		Epigraphic Database Roma	http://www.edr-edr.it/edr_programmi/res_complex_comune.php?id_nr=EDR131254
EDR_0009acada9e2e317f1cca70bb6495edf	Inscription from Pompeii	1 AD - 79 AD	Epigraphic Database Roma	http://www.edr-edr.it/edr_programmi/res_complex_comune.php?id_nr=EDR142567
EDR_000a2fec1eaab3353777881807ea509c	Inscription from Capua?		Epigraphic Database Roma	http://www.edr-edr.it/edr_programmi/res_complex_comune.php?id_nr=EDR005568
EDR_000c436e7f03a66d68c7eb44cbe6d984	Inscription from Roma	71 AD - 150 AD	Epigraphic Database Roma	http://www.edr-edr.it/edr_programmi/res_complex_comune.php?id_nr=EDR126642
EDR_000e18a0e3fae84105e3efc9fce7fa10	Inscription from Roma	239 AD	Epigraphic Database Roma	http://www.edr-edr.it/edr_programmi/res_complex_comune.php?id_nr=EDR111328
EDR_000e9ebcd9f4cf6bf555b8fda8d36783	Inscription from Abellinum	542 AD	Epigraphic Database Roma	http://www.edr-edr.it/edr_programmi/res_complex_comune.php?id_nr=EDR120507
EDR_000f0c30a068bbed72afbf6b7f559a8a	Inscription from Roma	71 AD - 200 AD	Epigraphic Database Roma	http://www.edr-edr.it/edr_programmi/res_complex_comune.php?id_nr=EDR075196
EDR_00128fa0f31dffcd990c60b5fb94f53d	Inscription from Clusium	251 AD - 350 AD	Epigraphic Database Roma	http://www.edr-edr.it/edr_programmi/res_complex_comune.php?id_nr=EDR149193
EDR_00130c449bc314a885e5273273fb2740	Inscription from Nursia		Epigraphic Database Roma	http://www.edr-edr.it/edr_programmi/res_complex_comune.php?id_nr=EDR104674
EDR_001465f86fc16eadc3ad0746dfafd9d9	Inscription from Interamnia Praetuttiorum	51 AD - 200 AD	Epigraphic Database Roma	http://www.edr-edr.it/edr_programmi/res_complex_comune.php?id_nr=EDR116027
EDR_0014985d66e0ed7001361942b6608304	Inscription from Roma?		Epigraphic Database Roma	http://www.edr-edr.it/edr_programmi/res_complex_comune.php?id_nr=EDR102028
EDR_001602194f8093bdfc6d571288e4f8fd	Inscription from Venafrum	-30 BC - 70 AD	Epigraphic Database Roma	http://www.edr-edr.it/edr_programmi/res_complex_comune.php?id_nr=EDR123087
EDR_001728d818c7e6e4157d11812b7d8a76	Inscription from Ferrara	101 AD - 200 AD	Epigraphic Database Roma	http://www.edr-edr.it/edr_programmi/res_complex_comune.php?id_nr=EDR140918
EDR_00178ad42b083f5166f826d8ed6b710a	Inscription from Aquileia	1 AD - 200 AD	Epigraphic Database Roma	http://www.edr-edr.it/edr_programmi/res_complex_comune.php?id_nr=EDR117653
EDR_001839fdf69797becfb213ffa4a7252f	Inscription from Capua?	1 AD - 200 AD	Epigraphic Database Roma	http://www.edr-edr.it/edr_programmi/res_complex_comune.php?id_nr=EDR127897
EDR_00183ccb6b553ff3369bd45e4c2348ac	Inscription from Misenum?	151 AD - 300 AD	Epigraphic Database Roma	http://www.edr-edr.it/edr_programmi/res_complex_comune.php?id_nr=EDR115419
EDR_00186f9ab43e35964a8ffe8697cb082e	Inscription from Altinum?		Epigraphic Database Roma	http://www.edr-edr.it/edr_programmi/res_complex_comune.php?id_nr=EDR099319
EDR_0018dc1733f8e25e7132a7fd324e957d	Inscription from Verona	101 AD - 200 AD	Epigraphic Database Roma	http://www.edr-edr.it/edr_programmi/res_complex_comune.php?id_nr=EDR142908
EDR_00191564936933b36d17a602ee283e6a	Inscription from Roma	1 AD - 200 AD	Epigraphic Database Roma	http://www.edr-edr.it/edr_programmi/res_complex_comune.php?id_nr=EDR139945
EDR_0019adb0b3fb6b8eef3130bc377025a2	Inscription from Roma	51 AD - 200 AD	Epigraphic Database Roma	http://www.edr-edr.it/edr_programmi/res_complex_comune.php?id_nr=EDR118659
EDR_001a23c5adc0d93da94a8fbcba55fcf7	Inscription from Histonium	1 AD - 200 AD	Epigraphic Database Roma	http://www.edr-edr.it/edr_programmi/res_complex_comune.php?id_nr=EDR114937
EDR_001a5afbd8a90521d76add01f1f6ad75	Inscription from Locri	171 AD - 300 AD	Epigraphic Database Roma	http://www.edr-edr.it/edr_programmi/res_complex_comune.php?id_nr=EDR076119
EDR_001ad24dcdaf5f0a7b3ce5d4b54eee00	Inscription from Roma	201 AD - 300 AD	Epigraphic Database Roma	http://www.edr-edr.it/edr_programmi/res_complex_comune.php?id_nr=EDR110980
EDR_001b7a52f3953cd279f5993b8cf196f7	Inscription from Aquileia	101 AD - 200 AD	Epigraphic Database Roma	http://www.edr-edr.it/edr_programmi/res_complex_comune.php?id_nr=EDR117394
EDR_001dcc5140d0c8c81b9bc2a11685c1eb	Inscription from Karales	131 AD - 171 AD	Epigraphic Database Roma	http://www.edr-edr.it/edr_programmi/res_complex_comune.php?id_nr=EDR086314
EDR_001e2723b731ac95a7f11313a42b3a9f	Inscription from Roma		Epigraphic Database Roma	http://www.edr-edr.it/edr_programmi/res_complex_comune.php?id_nr=EDR138526
EDR_001fe044b370297484c126ff4ad4a81f	Inscription from Pisaurum		Epigraphic Database Roma	http://www.edr-edr.it/edr_programmi/res_complex_comune.php?id_nr=EDR016066
EDR_00208efbbf8a603735950c85273bad3b	Inscription from Roma	201 AD - 350 AD	Epigraphic Database Roma	http://www.edr-edr.it/edr_programmi/res_complex_comune.php?id_nr=EDR074912
EDR_0020cdcb9cf1678827bdbce3b8b48c23	Inscription from Brundisium	1 AD - 50 AD	Epigraphic Database Roma	http://www.edr-edr.it/edr_programmi/res_complex_comune.php?id_nr=EDR017307
EDR_0020df1e02694c2fc2f59258de19caf3	Inscription from Iulia Concordia	400 AD - 450 AD	Epigraphic Database Roma	http://www.edr-edr.it/edr_programmi/res_complex_comune.php?id_nr=EDR097922
EDR_00214750b7ba1bb1015651067554634c	Inscription from Casinum		Epigraphic Database Roma	http://www.edr-edr.it/edr_programmi/res_complex_comune.php?id_nr=EDR075116
EDR_00228630a214b9a16eb7713c7245cea7	Inscription from Roma?	71 AD - 100 AD	Epigraphic Database Roma	http://www.edr-edr.it/edr_programmi/res_complex_comune.php?id_nr=EDR001326
EDH_0000123519b9202a38dbdac5189c5570	Weihinschrift auf Altar	1 AD – 300 AD	Epigraphische Datenbank Heidelberg	http://edh-www.adw.uni-heidelberg.de/edh/inschrift/HD057853
EDH_000119f7528b53df4f6990cbef5da3cc	AE 1950, 0050a.		Epigraphische Datenbank Heidelberg	http://edh-www.adw.uni-heidelberg.de/edh/inschrift/HD021637
EDH_00015f4538aeb30036195cd872a68b64	Grabinschrift auf Urne	131 AD – 170 AD	Epigraphische Datenbank Heidelberg	http://edh-www.adw.uni-heidelberg.de/edh/inschrift/HD058963
EDH_0001da4688a687eaae2662095d96b4b0	Ehreninschrift auf Statuenbasis	341 AD – 344 AD	Epigraphische Datenbank Heidelberg	http://edh-www.adw.uni-heidelberg.de/edh/inschrift/HD042932
EDH_0003860bd23df00378d5e5de7dc1766b	AE 1971, 0260.		Epigraphische Datenbank Heidelberg	http://edh-www.adw.uni-heidelberg.de/edh/inschrift/HD011434
EDH_000386706870a4d78b352e937b6edd77	Grabinschrift auf Stele	101 AD – 200 AD	Epigraphische Datenbank Heidelberg	http://edh-www.adw.uni-heidelberg.de/edh/inschrift/HD041590
EDH_000604431bfce90dd61212cd81f8f5fa	Grabinschrift auf Stele	101 AD – 200 AD	Epigraphische Datenbank Heidelberg	http://edh-www.adw.uni-heidelberg.de/edh/inschrift/HD001678
EDH_0006865e4e1346b5da735872d95b380f	AE 1976, 0698.		Epigraphische Datenbank Heidelberg	http://edh-www.adw.uni-heidelberg.de/edh/inschrift/HD012672
EDH_00073979aed05ec4be8b07a80614128a	Weihinschrift auf Altar	151 AD – 250 AD	Epigraphische Datenbank Heidelberg	http://edh-www.adw.uni-heidelberg.de/edh/inschrift/HD001398
EDH_0008181729b91b853c976bf37001174e	Weihinschrift auf Altar	101 AD – 300 AD	Epigraphische Datenbank Heidelberg	http://edh-www.adw.uni-heidelberg.de/edh/inschrift/HD001098
EDH_0008f69b353fd0446ede30231eb59216	Grabinschrift auf Tafel	16.7.408 AD	Epigraphische Datenbank Heidelberg	http://edh-www.adw.uni-heidelberg.de/edh/inschrift/HD007879
EDH_000af8faa14cfa3eb102a3f6f7bc0902	Besitzer-/Herstellerinschrift auf Ziegel		Epigraphische Datenbank Heidelberg	http://edh-www.adw.uni-heidelberg.de/edh/inschrift/HD010015
EDH_000bad7dfb2a56d5e79a514a27624a37	Militärdiplom auf Tafel	9.2.71 AD	Epigraphische Datenbank Heidelberg	http://edh-www.adw.uni-heidelberg.de/edh/inschrift/HD025744
EDH_000cee0eefa76636d4cce3bd1f2a5659	Weihinschrift auf Altar	1 AD – 200 AD	Epigraphische Datenbank Heidelberg	http://edh-www.adw.uni-heidelberg.de/edh/inschrift/HD017228
EDH_000d85bb6db133e95a443050fba10af9	AE 1976, 0428.		Epigraphische Datenbank Heidelberg	http://edh-www.adw.uni-heidelberg.de/edh/inschrift/HD006362
EDH_000f2ff2c328360c5500661b65a9975f	Grabinschrift auf Altar	151 AD – 270 AD	Epigraphische Datenbank Heidelberg	http://edh-www.adw.uni-heidelberg.de/edh/inschrift/HD045802
EDH_000fe15e22297ffb3172f7f7eb9afc3b	Grabinschrift auf Sarkophag	101 AD – 300 AD	Epigraphische Datenbank Heidelberg	http://edh-www.adw.uni-heidelberg.de/edh/inschrift/HD060257
EDH_001141601a4cbc14e0f1e0c17344fb3e	Meilen-/Leugenstein	364 AD – 375 AD	Epigraphische Datenbank Heidelberg	http://edh-www.adw.uni-heidelberg.de/edh/inschrift/HD000024
EDH_001141a69f70c494976290f9ff72c010	Grabinschrift auf Altar		Epigraphische Datenbank Heidelberg	http://edh-www.adw.uni-heidelberg.de/edh/inschrift/HD039389
EDH_001588ce5436467103317fe1a451448e	Grabinschrift auf Stele	131 AD – 200 AD	Epigraphische Datenbank Heidelberg	http://edh-www.adw.uni-heidelberg.de/edh/inschrift/HD053807
EDH_0016c3e1a93fd4cb92159cc58ed05bcc	Militärdiplom auf Tafel	119 AD – 135 AD	Epigraphische Datenbank Heidelberg	http://edh-www.adw.uni-heidelberg.de/edh/inschrift/HD004852
EDH_0016fe79b5875cab5bfebd54880974fb	Ehreninschrift auf Block	151 AD – 260 AD	Epigraphische Datenbank Heidelberg	http://edh-www.adw.uni-heidelberg.de/edh/inschrift/HD060700
EDH_00179f068af924658f64da17a5491ec4	Bau-/Stifterinschrift auf Tessera	1 AD – 100 AD	Epigraphische Datenbank Heidelberg	http://edh-www.adw.uni-heidelberg.de/edh/inschrift/HD028379
EDH_0017cce118ee88b0473ecfdbdcc4ee0a	Ehreninschrift	1 AD – 100 AD	Epigraphische Datenbank Heidelberg	http://edh-www.adw.uni-heidelberg.de/edh/inschrift/HD004324
EDH_0018b03f6e226715c88d191d8a5aa3a2	AE 1990, 0286.		Epigraphische Datenbank Heidelberg	http://edh-www.adw.uni-heidelberg.de/edh/inschrift/HD016533
EDH_001a84453c27cd8f8e9cbbaec7bc5dad	AE 1946, 0173e.AE 1948, p. 20 s. n. 41.		Epigraphische Datenbank Heidelberg	http://edh-www.adw.uni-heidelberg.de/edh/inschrift/HD022732
EDH_001a84dfe10283c0eb688c3436be5e4c	Grabinschrift	101 AD – 200 AD	Epigraphische Datenbank Heidelberg	http://edh-www.adw.uni-heidelberg.de/edh/inschrift/HD015594
EDH_001ad7524267f3329c8edb12dd3c05a9	Weihinschrift auf Statuenbasis	139 AD – 165 AD	Epigraphische Datenbank Heidelberg	http://edh-www.adw.uni-heidelberg.de/edh/inschrift/HD070077
EDH_001d51ac1aab52510163f344f60e9494	Bau-/Stifterinschrift auf Tafel	1 AD – 300 AD	Epigraphische Datenbank Heidelberg	http://edh-www.adw.uni-heidelberg.de/edh/inschrift/HD025726
EDH_001d702611fdef6b70da1cd01471d29b	Tafel	30 BC – 20 AD	Epigraphische Datenbank Heidelberg	http://edh-www.adw.uni-heidelberg.de/edh/inschrift/HD030322
EDH_001dce0bb3120ba623a4a033f81dea97	Weihinschrift auf Altar	101 AD – 250 AD	Epigraphische Datenbank Heidelberg	http://edh-www.adw.uni-heidelberg.de/edh/inschrift/HD039046
EDH_001e2fefa5ff79e5b581cf1566450813	AE 1977, 0820.		Epigraphische Datenbank Heidelberg	http://edh-www.adw.uni-heidelberg.de/edh/inschrift/HD020848
EDH_001e98bcd538796ffbec097b9abd3fc0	Bau-/Stifterinschrift	30 BC – 1 BC	Epigraphische Datenbank Heidelberg	http://edh-www.adw.uni-heidelberg.de/edh/inschrift/HD037501
EDH_001f214832cb1ca67521459e448e20b6	Grabinschrift auf Tafel	54 AD – 68 AD	Epigraphische Datenbank Heidelberg	http://edh-www.adw.uni-heidelberg.de/edh/inschrift/HD030397
EDH_001fe62d641dd55111dc382acbbb40cb	Grabinschrift	30 BC – 14 AD	Epigraphische Datenbank Heidelberg	http://edh-www.adw.uni-heidelberg.de/edh/inschrift/HD022823
EDH_002236f690e7ce527f1424cfbe8123ab	Beischrift auf Architekturteil		Epigraphische Datenbank Heidelberg	http://edh-www.adw.uni-heidelberg.de/edh/inschrift/HD049649
EDH_00238636278a20122af4a1963b5bf616	Grabinschrift auf Tafel		Epigraphische Datenbank Heidelberg	http://edh-www.adw.uni-heidelberg.de/edh/inschrift/HD052583
EDH_0023b4624309259482ab3fbd29a4579b	Aufschrift auf Instrumentum domesticum		Epigraphische Datenbank Heidelberg	http://edh-www.adw.uni-heidelberg.de/edh/inschrift/HD052905
EDH_0024b04449e0e77267734e6f55a525fd	AE 1907, 0068.AE 2005, 1666.		Epigraphische Datenbank Heidelberg	http://edh-www.adw.uni-heidelberg.de/edh/inschrift/HD023498
EDH_0026f383a43727e445cfa92e290fd7a1	Grabinschrift auf Stele	101 AD – 200 AD	Epigraphische Datenbank Heidelberg	http://edh-www.adw.uni-heidelberg.de/edh/inschrift/HD040221
UAH_00003e3b9e5336685200ae85d21b4f5e	Epitafio?		Hispania Epigraphica Online - HEpOl	http://eda-bea.es/pub/record_card_1.php?rec=5329
UAH_0004d0b59e19461ff126e3a08a814c33	Inscripción hallada en Baetica		Hispania Epigraphica Online - HEpOl	http://eda-bea.es/pub/record_card_1.php?rec=1970
UAH_0006aabe0ba47a35c0b0bf6596f85159	Inscripción hallada en Tarraco		Hispania Epigraphica Online - HEpOl	http://eda-bea.es/pub/record_card_1.php?rec=18829
UAH_0006dd05ea1e999ddaa041a7091b7b36	Epitafio de Rebilus		Hispania Epigraphica Online - HEpOl	http://eda-bea.es/pub/record_card_1.php?rec=25593
UAH_0007cda84fafdcf42f96c4f4adb7f8ce	¿Doble epitafio?		Hispania Epigraphica Online - HEpOl	http://eda-bea.es/pub/record_card_1.php?rec=9700
UAH_000871c1fc726f0b52dc86a4eeb027de	Inscripción hallada en Hispalis		Hispania Epigraphica Online - HEpOl	http://eda-bea.es/pub/record_card_1.php?rec=4612
UAH_000a91f3e374e6147d58ed1814247508	Estampilla		Hispania Epigraphica Online - HEpOl	http://eda-bea.es/pub/record_card_1.php?rec=30390
UAH_000c076c390a4c357313fca29e390ece	Inscripción hallada en Baetica		Hispania Epigraphica Online - HEpOl	http://eda-bea.es/pub/record_card_1.php?rec=6095
UAH_000e82a96e908e73372bed4e5cb98096	Inscripción hallada en Tarraco		Hispania Epigraphica Online - HEpOl	http://eda-bea.es/pub/record_card_1.php?rec=11610
UAH_00126b47d5502dfb7d01f750ad23d813	Epitafio de Boutia		Hispania Epigraphica Online - HEpOl	http://eda-bea.es/pub/record_card_1.php?rec=16774
UAH_0014fcb3db4c8459d26309b177005b10	Sello ante coctionem		Hispania Epigraphica Online - HEpOl	http://eda-bea.es/pub/record_card_1.php?rec=28423
UAH_001ab2fa029c064a45e41f8b2644a292	Dedicación al Genio		Hispania Epigraphica Online - HEpOl	http://eda-bea.es/pub/record_card_1.php?rec=4897
UAH_001b8e3cf76f4e64cbe5be9882db4aa0	Inscripción hallada en Hispania Citerior		Hispania Epigraphica Online - HEpOl	http://eda-bea.es/pub/record_card_1.php?rec=12977
UAH_001c728a3046207c685f7f478f4bb41b	Epitafio de Firmanus		Hispania Epigraphica Online - HEpOl	http://eda-bea.es/pub/record_card_1.php?rec=21461
UAH_001d908c7637618bb0a8af0c8be5cd41	Statera de bronce con inscripcion en puntillado		Hispania Epigraphica Online - HEpOl	http://eda-bea.es/pub/record_card_1.php?rec=28462
UAH_0023a1e3447fdb31836536cc903f1310	Inscripción hallada en Tarraco		Hispania Epigraphica Online - HEpOl	http://eda-bea.es/pub/record_card_1.php?rec=10013
UAH_0023daa5a44ef6fbe42379f24e00254c	Inscripción hallada en Iluro		Hispania Epigraphica Online - HEpOl	http://eda-bea.es/pub/record_card_1.php?rec=17684
UAH_00254d816728ef385187c60b08cb5c10	Inscripción hallada en Civitas Coilarnium		Hispania Epigraphica Online - HEpOl	http://eda-bea.es/pub/record_card_1.php?rec=20435
UAH_0029f088c57ad3b6ec589f9ba4f7a057	Inscripción hallada en Barcino		Hispania Epigraphica Online - HEpOl	http://eda-bea.es/pub/record_card_1.php?rec=18363
UAH_002c3a40ac50dc870f1ff386f11f5bae	Inscripción hallada en Tarraco		Hispania Epigraphica Online - HEpOl	http://eda-bea.es/pub/record_card_1.php?rec=11205
UAH_002f9c8cee878b64a747a2c211da7d83	Dedicación a Iulia		Hispania Epigraphica Online - HEpOl	http://eda-bea.es/pub/record_card_1.php?rec=17591
IMJ_07d2d6af2965b2ebe5bf10297f9a7472	Funerary stele	Late Hellenistic, probably 1st century BCE	The Israel Museum, Jerusalem	http://www.imj.org.il/Imagine/collections/item.asp?itemNum=363268
IMJ_2f2309f7caf6c4b3a5a5208a1458ef52	Funerary lekythos with a farewell scene	Mid-4th century BCE	The Israel Museum, Jerusalem	http://www.imj.org.il/Imagine/collections/item.asp?itemNum=506943
IMJ_3a425d9dc90ba47368feb3e1a6eead0b	Funerary lekythos with a farewell scene	Mid-4th century BCE	The Israel Museum, Jerusalem	http://www.imj.org.il/Imagine/collections/item.asp?itemNum=506936
IMJ_406f4fcaec9329055b2f61aad3f1f64c	Amphora and lid	Classical Period, School of Polygnotos, ca. 440 BCE	The Israel Museum, Jerusalem	http://www.imj.org.il/Imagine/collections/item.asp?itemNum=198934
IMJ_4ecf21c255429f1dce737af8f485d136	Attic red-figure kylix	490-480 BCE	The Israel Museum, Jerusalem	http://www.imj.org.il/Imagine/collections/item.asp?itemNum=198933
IMJ_701d1f06d1755cc0020e64f6ffd44ed3	The “Credo” in Greek on a potsherd	Early 7th century	The Israel Museum, Jerusalem	http://www.imj.org.il/Imagine/collections/item.asp?itemNum=191545
IMJ_af4fc3bc1d54755da5cac653f5cadb2e	Bucchero ribbon-handle amphora	625–600 BCE	The Israel Museum, Jerusalem	http://www.imj.org.il/Imagine/collections/item.asp?itemNum=510590
IMJ_c1f518c1071db02ffdf9bf9df176aadd	Funerary lekythos with a farewell scene	4th century BCE	The Israel Museum, Jerusalem	http://www.imj.org.il/Imagine/collections/item.asp?itemNum=506937
UOXF_00a23586f01fc4370dfb2cbd7f59d10c	LSA 1088	450-476	Last Statues of Antiquity	http://laststatues.classics.ox.ac.uk/database/detail-base.php?record=LSA-1088
UOXF_00c974becc430aa91e60b4e44e83060d	LSA 0943	284-310	Last Statues of Antiquity	http://laststatues.classics.ox.ac.uk/database/detail-base.php?record=LSA-943
UOXF_01b7b0e313993d16881e17f4f5c10d85	LSA 2501	354-358	Last Statues of Antiquity	http://laststatues.classics.ox.ac.uk/database/detail-base.php?record=LSA-2501
UOXF_01f2257648400a523c226707d7341475	LSA 1077	293-350	Last Statues of Antiquity	http://laststatues.classics.ox.ac.uk/database/detail-base.php?record=LSA-1077
UOXF_021a2b34812e807593adc691afe53b68	LSA 2450	379-383	Last Statues of Antiquity	http://laststatues.classics.ox.ac.uk/database/detail-base.php?record=LSA-2450
UOXF_02237504cb906cee8e3421fb38864918	LSA 2682	300-400	Last Statues of Antiquity	http://laststatues.classics.ox.ac.uk/database/detail-base.php?record=LSA-2682
UOXF_02bf074492c9af91040d39ad34cc5857	LSA 1676	300-400	Last Statues of Antiquity	http://laststatues.classics.ox.ac.uk/database/detail-base.php?record=LSA-1676
UOXF_031874f728ea77e2169cfafac18d9d5e	LSA 2118	300-400	Last Statues of Antiquity	http://laststatues.classics.ox.ac.uk/database/detail-base.php?record=LSA-2118
UOXF_03735eb1c9d6a59614c36dd1b0fb53e9	LSA 0607	375-450	Last Statues of Antiquity	http://laststatues.classics.ox.ac.uk/database/detail-base.php?record=LSA-607
UOXF_037fdc9fbd1d465a175954f29280f8d2	LSA 2569	310-310	Last Statues of Antiquity	http://laststatues.classics.ox.ac.uk/database/detail-base.php?record=LSA-2569
UOXF_03934c6ab147f7f4ed5714d9b02cacf9	LSA 0039	300-350	Last Statues of Antiquity	http://laststatues.classics.ox.ac.uk/database/detail-base.php?record=LSA-39
UOXF_0393a7c36c8c9d07e6e2abe1813ebde3	LSA 1635	338-338	Last Statues of Antiquity	http://laststatues.classics.ox.ac.uk/database/detail-base.php?record=LSA-1635
AUSONIUS_0016af6280ab16d6926e8d70b3fd8096	Fragment d'inscription honorifique monumentale	1 - 300	PETRAE - AUSONIUS	http://petrae.huma-num.fr/160100200007
AUSONIUS_0033a3c25275ff30db1bdae6ee70af67	Épitaphe de Festiva, 23 ans	151 - 220	PETRAE - AUSONIUS	http://petrae.huma-num.fr/160100900115
AUSONIUS_0045ce1436fb7d7ecd8f39e2447f3f5f	Épitaphe de G. Iulius Syntropus et d’Ann [---]	71 - 300	PETRAE - AUSONIUS	http://petrae.huma-num.fr/160100900282
AUSONIUS_00adf647a10006521bf9d49cd47dfcbf	Fragment indéterminé	1 - 300	PETRAE - AUSONIUS	http://petrae.huma-num.fr/160100200034
AUSONIUS_00b2aea35fee06884a2ff0f287d4d9ed	Dédicace religieuse à Liber Pater par C. Iulius Carianus, primipile	101 - 183	PETRAE - AUSONIUS	http://petrae.huma-num.fr/050300800116
AUSONIUS_00dba501526cc47d5ccb50d55198272f	Fragment	1 - 300	PETRAE - AUSONIUS	http://petrae.huma-num.fr/160101400042
AUSONIUS_00f2089da4a4e34ad411ad3caf137ca4	Dédicace à un empereur d'une construction faite par un vétéran ancien porte-images	180 - 250	PETRAE - AUSONIUS	http://petrae.huma-num.fr/050300800062
AUSONIUS_00fdf8ec1f79c785f13a1ee58eaef87f	Taurobole fait par Servilia Modesta	8 décembre 241	PETRAE - AUSONIUS	http://petrae.huma-num.fr/160101700022
AUSONIUS_0121eff2d33c2ff1fd0291e95c087427	Ara a Erudino hallada en el Monte Dobra		PETRAE - AUSONIUS	http://petrae.huma-num.fr/143930000001
AUSONIUS_014056a202e6d8dccb693fded5bff4e4	Amphore de Primus	51 - 100	PETRAE - AUSONIUS	http://petrae.huma-num.fr/160101200016
AUSONIUS_01a100780a98470d3a45039f025008ae	Vase de Alba ?	51 - 200	PETRAE - AUSONIUS	http://petrae.huma-num.fr/160101200320
AUSONIUS_01bb7cd7c8e086c09dd01690220342ea	Épitaphe de Belinia	131 - 140	PETRAE - AUSONIUS	http://petrae.huma-num.fr/160100900072
AUSONIUS_01e5dfc2d683f9117fa375883a8205b5	Épitaphe familiale	161 - 192	PETRAE - AUSONIUS	http://petrae.huma-num.fr/160100900338
AUSONIUS_0200cfa2689227b9ad6cf433921d2411	Épitaphe de Salvius Pacatus		PETRAE - AUSONIUS	http://petrae.huma-num.fr/160100900299
AUSONIUS_02336200393ef71a7d7faaeaa04bec6c	Epitafio de Ambatus	1 - 150	PETRAE - AUSONIUS	http://petrae.huma-num.fr/140500100033
AUSONIUS_0296568a711b6d13a5a4317446477b13	Grafito [---]eg(a)e? sobre terra sigillata de Iuliobriga	69 - 200	PETRAE - AUSONIUS	http://petrae.huma-num.fr/143921300033
AUSONIUS_02d2ae0358f3d012b3b73d1c887ae2ce	Epitafio de Matugenus	101 - 200	PETRAE - AUSONIUS	http://petrae.huma-num.fr/140500100012
AUSONIUS_02d674f894fc6468b2e8c94c2e53ea7b	Fragment de l'épitaphe d'un jeune inconnu	51 - 300	PETRAE - AUSONIUS	http://petrae.huma-num.fr/160100700016
AUSONIUS_02e3256850578798e45e23e45e3d4cd6	Grafito Can(---) sobre terra sigillata de Iuliobriga	69 - 200	PETRAE - AUSONIUS	http://petrae.huma-num.fr/143921300008
AUSONIUS_037c192a108cec66b91a78fe13b43d33	Fragment de bloc appartenant à un mausolée	151 - 300	PETRAE - AUSONIUS	http://petrae.huma-num.fr/160101400126
AUSONIUS_03b3e98e68cce43b3737b8a06680e780	Épitaphe de Quintus Reginius Silvinus et de son épouse	101 - 200	PETRAE - AUSONIUS	http://petrae.huma-num.fr/160101700054
AUSONIUS_03b8bf3ef3d926384ec423d1687ed4c0	Épitaphe mutilée	181 - 260	PETRAE - AUSONIUS	http://petrae.huma-num.fr/160101400018
AUSONIUS_03d41de321de0f2967e576ae4a70e128	Dédicace à Septime Sévère et à ses fils	198 - 209	PETRAE - AUSONIUS	http://petrae.huma-num.fr/050300800124
AUSONIUS_045bfc5d8074ef86fc680c366f5b351e	Grafito AT o TA sobre terra sigillata de Iuliobriga	69 - 200	PETRAE - AUSONIUS	http://petrae.huma-num.fr/143921300064
AUSONIUS_04769b142c2c03b50c91ed8554384f45	Épitaphe de Camulus	71 - 200	PETRAE - AUSONIUS	http://petrae.huma-num.fr/160100900080
AUSONIUS_048b353a9f5d78f37f714b558260f7d8	Épitaphe de Iulia	71 - 250	PETRAE - AUSONIUS	http://petrae.huma-num.fr/160100900133
AUSONIUS_049ee38e26e6d9fd3d84b896165c45c1	Dédicace au Génie Arverne par un particulier	125 - 250	PETRAE - AUSONIUS	http://petrae.huma-num.fr/160100200003
AUSONIUS_04bb3eef1b069233e128f38d446a434e	Épitaphe (?) mentionnant [Divi]xtus et Bel[---]	101 - 300	PETRAE - AUSONIUS	http://petrae.huma-num.fr/160101400083
AUSONIUS_04db79b1a02d14cf773d8e8514473cdd	Término augustal de Cuena (2)	-16 - -13	PETRAE - AUSONIUS	http://petrae.huma-num.fr/143941800014
AUSONIUS_04fa6e995c27243454f3ee35e42b17da	Épitaphe de Claudia Contempta	201 - 300	PETRAE - AUSONIUS	http://petrae.huma-num.fr/160100900097
AUSONIUS_04feaa94471e8a55fb1be6cfff7a047c	Grafito realizado antes de la cocción sobre ladrillo de pila de hipocausto	alrededor de 100	PETRAE - AUSONIUS	http://petrae.huma-num.fr/142243500044
AUSONIUS_051b624f3dc422f3397f3745eb784db3	Épitaphe de Basileus	201 - 300	PETRAE - AUSONIUS	http://petrae.huma-num.fr/160100900071
AUSONIUS_0033a3c25275ff30db1bdae6ee70af67	Épitaphe de Festiva, 23 ans	151 - 220	PETRAE - AUSONIUS	http://petrae.huma-num.fr/160100900115
AUSONIUS_0045ce1436fb7d7ecd8f39e2447f3f5f	Épitaphe de G. Iulius Syntropus et d’Ann [---]	71 - 300	PETRAE - AUSONIUS	http://petrae.huma-num.fr/160100900282
AUSONIUS_00fdf8ec1f79c785f13a1ee58eaef87f	Taurobole fait par Servilia Modesta	8 décembre 241	PETRAE - AUSONIUS	http://petrae.huma-num.fr/160101700022
AUSONIUS_01bb7cd7c8e086c09dd01690220342ea	Épitaphe de Belinia	131 - 140	PETRAE - AUSONIUS	http://petrae.huma-num.fr/160100900072
AUSONIUS_01e5dfc2d683f9117fa375883a8205b5	Épitaphe familiale	161 - 192	PETRAE - AUSONIUS	http://petrae.huma-num.fr/160100900338
AUSONIUS_037c192a108cec66b91a78fe13b43d33	Fragment de bloc appartenant à un mausolée	151 - 300	PETRAE - AUSONIUS	http://petrae.huma-num.fr/160101400126
AUSONIUS_03b3e98e68cce43b3737b8a06680e780	Épitaphe de Quintus Reginius Silvinus et de son épouse	101 - 200	PETRAE - AUSONIUS	http://petrae.huma-num.fr/160101700054
AUSONIUS_03b8bf3ef3d926384ec423d1687ed4c0	Épitaphe mutilée	181 - 260	PETRAE - AUSONIUS	http://petrae.huma-num.fr/160101400018
AUSONIUS_04769b142c2c03b50c91ed8554384f45	Épitaphe de Camulus	71 - 200	PETRAE - AUSONIUS	http://petrae.huma-num.fr/160100900080
AUSONIUS_048b353a9f5d78f37f714b558260f7d8	Épitaphe de Iulia	71 - 250	PETRAE - AUSONIUS	http://petrae.huma-num.fr/160100900133
AUSONIUS_049ee38e26e6d9fd3d84b896165c45c1	Dédicace au Génie Arverne par un particulier	125 - 250	PETRAE - AUSONIUS	http://petrae.huma-num.fr/160100200003
AUSONIUS_04bb3eef1b069233e128f38d446a434e	Épitaphe (?) mentionnant [Divi]xtus et Bel[---]	101 - 300	PETRAE - AUSONIUS	http://petrae.huma-num.fr/160101400083
AUSONIUS_04fa6e995c27243454f3ee35e42b17da	Épitaphe de Claudia Contempta	201 - 300	PETRAE - AUSONIUS	http://petrae.huma-num.fr/160100900097
AUSONIUS_051b624f3dc422f3397f3745eb784db3	Épitaphe de Basileus	201 - 300	PETRAE - AUSONIUS	http://petrae.huma-num.fr/160100900071
AUSONIUS_056667e99c8a0fbfeb2e23bc57c5a4a4	Épitaphe de Seniulus (?)	71 - 220	PETRAE - AUSONIUS	http://petrae.huma-num.fr/160100900303
AUSONIUS_06006caebdea6a72df8f77fcd57ee572	Épitaphe d’Aveta	181 - 220	PETRAE - AUSONIUS	http://petrae.huma-num.fr/160100900064
AUSONIUS_063bd83247aa2598d8a004ee1e33d126	Taurobole et consécration des vires d'un taureau	Deuxième moitié (et plutôt dernier quart) du deuxième siècle	PETRAE - AUSONIUS	http://petrae.huma-num.fr/160101700014
AUSONIUS_06667a73bfc76259b31b1675dd3baec4	Dédicace à la Victoire impériale	293 - 305	PETRAE - AUSONIUS	http://petrae.huma-num.fr/160100900030
AUSONIUS_06c9cd1ac53ae97aa1ca7b532b339327	Dédicace d'un autel à Apollon auguste par un pérégrin en accomplissement d'un vœu	1 - 300	PETRAE - AUSONIUS	http://petrae.huma-num.fr/160100200001
AUSONIUS_076667221d81e4e239b2f5a498c912fd	Épitaphe de Calenus	71 - 220	PETRAE - AUSONIUS	http://petrae.huma-num.fr/160100900077
AUSONIUS_07f1d7146da9875b694de78a92dc5bfe	Épitaphe de Va[leria ---], mère de Valerius [---]	201 - 300	PETRAE - AUSONIUS	http://petrae.huma-num.fr/160100900220
AUSONIUS_09848ce2babaaea27b5d55e454f7b91d	Épitaphe d’Ebucia et d’autres membres de sa famille	191 - 250	PETRAE - AUSONIUS	http://petrae.huma-num.fr/160100900110
AUSONIUS_0997eeb64546163f3c6ace9b3eaf4f5c	Épitaphe de Gnatusius	51 - 120	PETRAE - AUSONIUS	http://petrae.huma-num.fr/160101400077
AUSONIUS_09a09c299e7a4d420e97032fc0237946	Épitaphe d’Antonia Lavinia	201 - 225	PETRAE - AUSONIUS	http://petrae.huma-num.fr/160100900053
AUSONIUS_09ddcbf4aeed6f1cab34ad9e55c29f72	Dédicace à la Tutelle Boudig		PETRAE - AUSONIUS	http://petrae.huma-num.fr/160100900019
AUSONIUS_0a5227c504bdb2426f5490665aac9c4e	Épitaphe de Flavinus (ou Elainus)	Entre 364-365 et 377	PETRAE - AUSONIUS	http://petrae.huma-num.fr/160100900048
AUSONIUS_0a6a7aab92bd35ceb99406ae67d360df	Épitaphe de Cintugena, 35 ans	71 - 220	PETRAE - AUSONIUS	http://petrae.huma-num.fr/160100900088
AUSONIUS_0bbe7131cbeb52a00b70f49ee511131b	Dédicace identique aux deux précédentes	71 - 100	PETRAE - AUSONIUS	http://petrae.huma-num.fr/160101400094
AUSONIUS_0c2198fa031586f1b6f52623d8d5558f	Épitaphe de Iul(ia) Aveta	161 - 170	PETRAE - AUSONIUS	http://petrae.huma-num.fr/160100900134
AUSONIUS_0c57539866e9c832f507cf8b7c2a5a98	Taurobole et consécration des parties génitales d'un taureau	150 - 200	PETRAE - AUSONIUS	http://petrae.huma-num.fr/160101700013
RIB_0004d0b59e19461ff126e3a08a814c33	Centurial stone of Julius Tertullianus	a.d. 43-410	Roman Inscriptions of Britain	http://romaninscriptionsofbritain.org/inscriptions/1970
RIB_00411460f7c92d2124a67ea0f4cb5f85	Funerary inscription for Julius Valens	a.d. 43-410	Roman Inscriptions of Britain	http://romaninscriptionsofbritain.org/inscriptions/363
RIB_006f52e9102a8d3be2fe5614f42ba989	Fragmentary inscription	a.d. 43-410	Roman Inscriptions of Britain	http://romaninscriptionsofbritain.org/inscriptions/168
RIB_0070d23b06b1486a538c0eaa45dd167a	Centurial stone of Caecilius Clemens	a.d. 43-410	Roman Inscriptions of Britain	http://romaninscriptionsofbritain.org/inscriptions/2081
RIB_008bd5ad93b754d500338c253d9c1770	Altar dedicated to Mithras	a.d. 43-410	Roman Inscriptions of Britain	http://romaninscriptionsofbritain.org/inscriptions/1994
RIB_00a03ec6533ca7f5c644d198d815329c	Distance slab of the Twentieth Legion	a.d. 43-410	Roman Inscriptions of Britain	http://romaninscriptionsofbritain.org/inscriptions/2184
RIB_00ac8ed3b4327bdd4ebbebcb2ba10a00	Altar dedicated to Contrebis	a.d. 43-410	Roman Inscriptions of Britain	http://romaninscriptionsofbritain.org/inscriptions/610
RIB_00e26af6ac3b1c1c49d7c3d79c60d000		a.d. 43-410	Roman Inscriptions of Britain	http://romaninscriptionsofbritain.org/inscriptions/1164
RIB_00ec53c4682d36f5c4359f4ae7bd7ba1	Fragmentary funerary inscription	a.d. 43-410	Roman Inscriptions of Britain	http://romaninscriptionsofbritain.org/inscriptions/381
RIB_01161aaa0b6d1345dd8fe4e481144d84	Fragmentary inscription	a.d. 43-410	Roman Inscriptions of Britain	http://romaninscriptionsofbritain.org/inscriptions/236
RIB_01386bd6d8e091c2ab4c7c7de644d37b	Centurial stone of Pian(…)	a.d. 43-410	Roman Inscriptions of Britain	http://romaninscriptionsofbritain.org/inscriptions/348
RIB_013a006f03dbc5392effeb8f18fda755	Altar dedicated to Jupiter Optimus Maximus	c. a.d. 139-65	Roman Inscriptions of Britain	http://romaninscriptionsofbritain.org/inscriptions/833
RIB_013d407166ec4fa56eb1e1f8cbe183b9	Dedication to Diana	a.d. 43-410	Roman Inscriptions of Britain	http://romaninscriptionsofbritain.org/inscriptions/138
RIB_01882513d5fa7c329e940dda99b12147	Altar dedicated to Jupiter Optimus Maximus and Vulkanus	a.d. 238-44	Roman Inscriptions of Britain	http://romaninscriptionsofbritain.org/inscriptions/899
RIB_0188e8b8b014829e2fa0f430f0a95961		a.d. 43-410	Roman Inscriptions of Britain	http://romaninscriptionsofbritain.org/inscriptions/1195
RIB_01894d6f048493d2cacde3c579c315a3	Funerary inscription for Ammonius	a.d. 43-410	Roman Inscriptions of Britain	http://romaninscriptionsofbritain.org/inscriptions/2213
RIB_0189caa552598b845b29b17a427692d1	Fragmentary dedication	a.d. 43-410	Roman Inscriptions of Britain	http://romaninscriptionsofbritain.org/inscriptions/2045
RIB_018b59ce1fd616d874afad0f44ba338d	Building inscription of the Sixth Legion	a.d. 43-410	Roman Inscriptions of Britain	http://romaninscriptionsofbritain.org/inscriptions/1283
RIB_01931a6925d3de09e5f87419d9d55055	Building inscription of the Sixth Legion	a.d. 43-410	Roman Inscriptions of Britain	http://romaninscriptionsofbritain.org/inscriptions/2113
RIB_019d385eb67632a7e958e23f24bd07d7		a.d. 43-410	Roman Inscriptions of Britain	http://romaninscriptionsofbritain.org/inscriptions/433
RIB_01d8bae291b1e4724443375634ccfa0e	Altar dedicated to the Vitires	a.d. 43-410	Roman Inscriptions of Britain	http://romaninscriptionsofbritain.org/inscriptions/1457
RIB_01e00f2f4bfcbb7505cb641066f2859b	Altar dedicated to Volcanus	a.d. 43-410	Roman Inscriptions of Britain	http://romaninscriptionsofbritain.org/inscriptions/1700
RIB_01e9565cecc4e989123f9620c1d09c09	Altar dedicated to Anociticus	a.d. 177-84	Roman Inscriptions of Britain	http://romaninscriptionsofbritain.org/inscriptions/1329
RIB_01eee509ee2f68dc6014898c309e86bf	Milestone of Tetricus	a.d. 270-3	Roman Inscriptions of Britain	http://romaninscriptionsofbritain.org/inscriptions/2226
RIB_01f78be6f7cad02658508fe4616098a9	Fragmentary funerary inscription	a.d. 43-410	Roman Inscriptions of Britain	http://romaninscriptionsofbritain.org/inscriptions/550
RIB_020c8bfac8de160d4c5543b96d1fdede	Fragmentary funerary inscription	third century	Roman Inscriptions of Britain	http://romaninscriptionsofbritain.org/inscriptions/1559
RIB_021bbc7ee20b71134d53e20206bd6feb	Altar dedicated to Mars Condates	a.d. 43-410	Roman Inscriptions of Britain	http://romaninscriptionsofbritain.org/inscriptions/1024
RIB_0233f3bb964cf325a30f8b1c2ed2da93	Milestone of Tacitus	a.d. 275-6	Roman Inscriptions of Britain	http://romaninscriptionsofbritain.org/inscriptions/2262
RIB_0234c510bc6d908b28c70ff313743079	Altar dedicated to Jupiter and Victorious Victory	a.d. 43-410	Roman Inscriptions of Britain	http://romaninscriptionsofbritain.org/inscriptions/2176
RIB_0245952ecff55018e2a459517fdb40e3		a.d. 223	Roman Inscriptions of Britain	http://romaninscriptionsofbritain.org/inscriptions/1467
RIB_024d7f84fff11dd7e8d9c510137a2381	Altar dedicated to Bellona	a.d. 43-410	Roman Inscriptions of Britain	http://romaninscriptionsofbritain.org/inscriptions/890
RIB_02522a2b2726fb0a03bb19f2d8d9524d	Funerary inscription for Sulicena	a.d. 43-410	Roman Inscriptions of Britain	http://romaninscriptionsofbritain.org/inscriptions/134
RIB_0266e33d3f546cb5436a10798e657d97	Fragmentary funerary inscription	a.d. 43-410	Roman Inscriptions of Britain	http://romaninscriptionsofbritain.org/inscriptions/245
RIB_02a32ad2669e6fe298e607fe7cc0e1a0	Altar dedicated to Setlocenia	a.d. 43-410	Roman Inscriptions of Britain	http://romaninscriptionsofbritain.org/inscriptions/841
RIB_02b1be0d48924c327124732726097157	Altar dedicated to the Goddesses of the Parade-ground	a.d. 43-410	Roman Inscriptions of Britain	http://romaninscriptionsofbritain.org/inscriptions/2121
RIB_02e656adee09f8394b402d9958389b7d		a.d. 43-410	Roman Inscriptions of Britain	http://romaninscriptionsofbritain.org/inscriptions/2215
RIB_02e74f10e0327ad868d138f2b4fdd6f0	Fragmentary funerary inscription	a.d. 43-410	Roman Inscriptions of Britain	http://romaninscriptionsofbritain.org/inscriptions/27
RIB_02f039058bd48307e6f653a2005c9dd2	Building inscription of the Second Legion	a.d. 43-410	Roman Inscriptions of Britain	http://romaninscriptionsofbritain.org/inscriptions/1707
RIB_03255088ed63354a54e0e5ed957e9008	Funerary inscription		Roman Inscriptions of Britain	http://romaninscriptionsofbritain.org/inscriptions/2327
RIB_0336dcbab05b9d5ad24f4333c7658a0e	Dedication to Silvanus	a.d. 43-410	Roman Inscriptions of Britain	http://romaninscriptionsofbritain.org/inscriptions/195
RIB_0353ab4cbed5beae847a7ff6e220b5cf	Altar dedicated to the Saviour Gods	a.d. 43-410	Roman Inscriptions of Britain	http://romaninscriptionsofbritain.org/inscriptions/461
RIB_03afdbd66e7929b125f8597834fa83a4	Fragmentary inscription	a.d. 43-410	Roman Inscriptions of Britain	http://romaninscriptionsofbritain.org/inscriptions/63
RIB_03c6b06952c750899bb03d998e631860	Funerary inscription for Gaius Julius Calenus	a.d. 43-410	Roman Inscriptions of Britain	http://romaninscriptionsofbritain.org/inscriptions/252
RIB_03e0704b5690a2dee1861dc3ad3316c9	Building inscription of the Sixth Legion Victrix Pia Fidelis	a.d. 43-410	Roman Inscriptions of Britain	http://romaninscriptionsofbritain.org/inscriptions/1019
RIB_03e7d2ebec1e820ac34d054df7e68f48	Quarry inscription	a.d. 43-410	Roman Inscriptions of Britain	http://romaninscriptionsofbritain.org/inscriptions/1950
RIB_03f544613917945245041ea1581df0c2	Altar dedicated to an unknown god	a.d. 43-410	Roman Inscriptions of Britain	http://romaninscriptionsofbritain.org/inscriptions/1089
RIB_04025959b191f8f9de3f924f0940515f	Centurial stone of Rufinius Primus	a.d. 43-410	Roman Inscriptions of Britain	http://romaninscriptionsofbritain.org/inscriptions/339
RIB_04048aeca2c0f5d84639358008ed2ae7	Milestone of Gallus and Volusian	a.d. 251-3	Roman Inscriptions of Britain	http://romaninscriptionsofbritain.org/inscriptions/2223
RIB_043c3d7e489c69b48737cc0c92d0f3a2	Funerary inscription for Flavius Martius	a.d. 43-410	Roman Inscriptions of Britain	http://romaninscriptionsofbritain.org/inscriptions/933
UNIPU_0024203995e9bc761e63bd2455d2e99b	Inscription from Pola		Sveučilište Jurja Dobrile u Puli	http://www.edr-edr.it/edr_programmi/res_complex_comune.php?id_nr=EDR138560
UNIPU_002b29b45f64b8f47a695b2784a41114	Inscription from Pola	200 AD - 400 AD	Sveučilište Jurja Dobrile u Puli	http://www.edr-edr.it/edr_programmi/res_complex_comune.php?id_nr=EDR136876
UNIPU_00418bf6fe8b5e597aa76f177524eab8	Inscription from Parentium		Sveučilište Jurja Dobrile u Puli	http://www.edr-edr.it/edr_programmi/res_complex_comune.php?id_nr=EDR134419
UNIPU_004c734e17b2e7e9189c90a7fe7f2336	Inscription from Pola		Sveučilište Jurja Dobrile u Puli	http://www.edr-edr.it/edr_programmi/res_complex_comune.php?id_nr=EDR137073
UNIPU_0069203a18fd2dea6319b5fbe66e4006	Inscription from Parentium		Sveučilište Jurja Dobrile u Puli	http://www.edr-edr.it/edr_programmi/res_complex_comune.php?id_nr=EDR133761
UNIPU_0083b9da59a0626870b91665aa22edb0	Inscription from Pola		Sveučilište Jurja Dobrile u Puli	http://www.edr-edr.it/edr_programmi/res_complex_comune.php?id_nr=EDR137425
UNIPU_0098c1710000600011ec48cb2d0d9147	Inscription from Pola		Sveučilište Jurja Dobrile u Puli	http://www.edr-edr.it/edr_programmi/res_complex_comune.php?id_nr=EDR144720
UNIPU_00a0a709d5151d4a920189e42d672e8b	Inscription from Parentium		Sveučilište Jurja Dobrile u Puli	http://www.edr-edr.it/edr_programmi/res_complex_comune.php?id_nr=EDR134045
UNIPU_00c448b1333923dadeb9da11b77895fa	Inscription from Pola		Sveučilište Jurja Dobrile u Puli	http://www.edr-edr.it/edr_programmi/res_complex_comune.php?id_nr=EDR140480
UNIPU_010928631bd3321147767e4e0d94ca4b	Inscription from Pola		Sveučilište Jurja Dobrile u Puli	http://www.edr-edr.it/edr_programmi/res_complex_comune.php?id_nr=EDR136266
UNIPU_0131beb98be3ee11400a59a834f6809f	Inscription from Pola		Sveučilište Jurja Dobrile u Puli	http://www.edr-edr.it/edr_programmi/res_complex_comune.php?id_nr=EDR147069
UNIPU_0148d5cd1db3f61cf9b4831a6c1dc7ba	Inscription from Pola		Sveučilište Jurja Dobrile u Puli	http://www.edr-edr.it/edr_programmi/res_complex_comune.php?id_nr=EDR135822
UNIPU_019b6f6ceb390fc6a004dde4f6ca0736	Inscription from Parentium		Sveučilište Jurja Dobrile u Puli	http://www.edr-edr.it/edr_programmi/res_complex_comune.php?id_nr=EDR133810
UNIPU_01d8fabfa06c7f2dffea7ce1d9f73b7b	Inscription from Pola		Sveučilište Jurja Dobrile u Puli	http://www.edr-edr.it/edr_programmi/res_complex_comune.php?id_nr=EDR137823
UNIPU_024af6f1201c8c63bf2e7a916703766e	Inscription from Pola		Sveučilište Jurja Dobrile u Puli	http://www.edr-edr.it/edr_programmi/res_complex_comune.php?id_nr=EDR138451
UNIPU_03000cce3808070e9bea4d2372959721	Inscription from Pola		Sveučilište Jurja Dobrile u Puli	http://www.edr-edr.it/edr_programmi/res_complex_comune.php?id_nr=EDR137513
UNIPU_03120677d7ee8bb8520207ee67e2666b	Inscription from Pola		Sveučilište Jurja Dobrile u Puli	http://www.edr-edr.it/edr_programmi/res_complex_comune.php?id_nr=EDR135458
UNIPU_0343edf1ae528c8c5b456a706d1a78e0	Inscription from Pola	51 AD - 100 AD	Sveučilište Jurja Dobrile u Puli	http://www.edr-edr.it/edr_programmi/res_complex_comune.php?id_nr=EDR138506
UNIPU_03cca0a0848038e486e9bf91b8cba49d	Inscription from Parentium	1 AD - 50 AD	Sveučilište Jurja Dobrile u Puli	http://www.edr-edr.it/edr_programmi/res_complex_comune.php?id_nr=EDR134117
UNIPU_03ea2afeff7101bfa3090afe016e6a05	Inscription from Pola		Sveučilište Jurja Dobrile u Puli	http://www.edr-edr.it/edr_programmi/res_complex_comune.php?id_nr=EDR136282
UNIPU_040c1550dc72db54a76ede62b21b24d0	Inscription from Pola		Sveučilište Jurja Dobrile u Puli	http://www.edr-edr.it/edr_programmi/res_complex_comune.php?id_nr=EDR137203
UNIPU_041adafdd45d9a460a46258cf2feeeb8	Inscription from Pola		Sveučilište Jurja Dobrile u Puli	http://www.edr-edr.it/edr_programmi/res_complex_comune.php?id_nr=EDR138924
UNIPU_04a7161fa3151ded1c24d01e4ff558c2	Inscription from Pola	100 AD - 200 AD	Sveučilište Jurja Dobrile u Puli	http://www.edr-edr.it/edr_programmi/res_complex_comune.php?id_nr=EDR136962
UNIPU_04cf1f6f534b96955c414ee246c0bcf0	Inscription from Pola	-20 BC - 30 AD	Sveučilište Jurja Dobrile u Puli	http://www.edr-edr.it/edr_programmi/res_complex_comune.php?id_nr=EDR135501
UNIPU_04ee764c9a1577da438bdce90bd3cd11	Inscription from Pola		Sveučilište Jurja Dobrile u Puli	http://www.edr-edr.it/edr_programmi/res_complex_comune.php?id_nr=EDR139140
UNIPU_05981bbaa4557269436fdf5179d5057c	Inscription from Nesactium	110 AD - 130 AD	Sveučilište Jurja Dobrile u Puli	http://www.edr-edr.it/edr_programmi/res_complex_comune.php?id_nr=EDR138271
UNIPU_05d83f561c7987ba91872bffa9d08e3a	Inscription from Pola		Sveučilište Jurja Dobrile u Puli	http://www.edr-edr.it/edr_programmi/res_complex_comune.php?id_nr=EDR138995
UNIPU_05e2514506ce3be60ce373b627812aa7	Inscription from Pola		Sveučilište Jurja Dobrile u Puli	http://www.edr-edr.it/edr_programmi/res_complex_comune.php?id_nr=EDR137565
UNIPU_0605af430ed442a9abfad18b5fe1e366	Inscription from Parentium		Sveučilište Jurja Dobrile u Puli	http://www.edr-edr.it/edr_programmi/res_complex_comune.php?id_nr=EDR134078
UNIPU_067b8facb067bbac0201888c4218194e	Inscription from Pola		Sveučilište Jurja Dobrile u Puli	http://www.edr-edr.it/edr_programmi/res_complex_comune.php?id_nr=EDR137504
UNIPU_06cb7dd1f0d04ee4d625fa6631000b3e	Inscription from Pola	200 AD - 250 AD	Sveučilište Jurja Dobrile u Puli	http://www.edr-edr.it/edr_programmi/res_complex_comune.php?id_nr=EDR136498
UNIPU_06cc5ca9a4ddc47e5d88d56f3874eb25	Inscription from Pola		Sveučilište Jurja Dobrile u Puli	http://www.edr-edr.it/edr_programmi/res_complex_comune.php?id_nr=EDR137233
UNIPU_06d0aabeb569829021ef5250a244f389	Inscription from Parentium	400 AD - 450 AD	Sveučilište Jurja Dobrile u Puli	http://www.edr-edr.it/edr_programmi/res_complex_comune.php?id_nr=EDR133339
UBB_001f23e41e6701a13b1c3ed887039fd1	votive inscription	Severan period, due to the son's career	Universitatea Babes Bolyai	http://inscriptionsfromdacia.altervista.org/text/rv00000213.html
UBB_0047cee8a8fddca16fd3997ead813ad0	Estampille de la legio XIII Gemina	Probablement du IIème siècle, en raison du manque du nom du magister figlinae.	Universitatea Babes Bolyai	http://inscriptionsfromdacia.altervista.org/text/ip00000511.html
UBB_005964b60bfff834de028d4705706247	epitaph ?		Universitatea Babes Bolyai	http://inscriptionsfromdacia.altervista.org/text/rv00000205.html
UBB_0063462f449dc73de3d120442ebb4a06	building inscription	due to the archaeological context, during the reign of Antoninus Pius or Marcus Aurelius	Universitatea Babes Bolyai	http://inscriptionsfromdacia.altervista.org/text/rv00000054.html
UBB_00653bda7182fa5255acd646d1056e9d	Inscription votive	À partir du début du règne d’Hadrien, quand l’ala I Tungrorum Frontoniana est venue en Dacie.	Universitatea Babes Bolyai	http://inscriptionsfromdacia.altervista.org/text/ip00000088.html
UBB_009684a27f94a539b437b96f94303dda	Inscription de construction de l'empereur Hadrien.	De 157, en raison du chiffre de la puisssance tribunicienne de l’empereur.	Universitatea Babes Bolyai	http://inscriptionsfromdacia.altervista.org/text/ip00000354.html
UBB_00db8e85944bb9b4803121efb386b137	Inscription votive	Probablement du IIIe siècle, en raison du nomen Aurelius pas accompagné par praenomen.	Universitatea Babes Bolyai	http://inscriptionsfromdacia.altervista.org/text/ip00000023.html
UBB_010f6431113014132c25c5eed5f497f5		2nd century AD	Universitatea Babes Bolyai	http://inscriptionsfromdacia.altervista.org/text/rv00000455.html
UBB_012d753839979b642212a5d436823b64	Dédicace aux Dei paterni	Les critères de datation manquent.	Universitatea Babes Bolyai	http://inscriptionsfromdacia.altervista.org/text/ip00000469.html
UBB_013f9abe7228450d41793b3273d57de1	Funerary on Stele	Probably second half of the first century - due to the use of hic situs est formula together with the name of the deceased person in the nominative case, habit which almost disappeared on the inscriptions from Lower Moesia after Trajan.	Universitatea Babes Bolyai	http://inscriptionsfromdacia.altervista.org/text/fm00000046.html
UBB_01410d1e465c3eb4cd162e7fa9e52882	funerary inscription	based on stylistic details, 2rd century	Universitatea Babes Bolyai	http://inscriptionsfromdacia.altervista.org/text/rv00000252.html
UBB_014a5adcbc3368e1e677302f5f565d96	Inscription funéraire d'Asclepia Chrone	Probablement du IIème siècle, en raison des noms de facture pérégrine.	Universitatea Babes Bolyai	http://inscriptionsfromdacia.altervista.org/text/ip00000570.html
UBB_016581b1062800b0adaba40e7d9556bc	Inscription funéraire de la famille d'Aelius Passer, signifer.	Du IIIème siècle, en raison du nomen Aurelius pas accompagné par praenomen.	Universitatea Babes Bolyai	http://inscriptionsfromdacia.altervista.org/text/ip00000399.html
UBB_018588f2c8bcd62eb0ea3c3e091da583	instrumentum		Universitatea Babes Bolyai	http://inscriptionsfromdacia.altervista.org/text/rv00000311.html
UBB_020699b6f3bdfad59d12a86d8d2dfc36	instrumentum		Universitatea Babes Bolyai	http://inscriptionsfromdacia.altervista.org/text/rv00000319.html
UBB_027fe88e3aa882aab54992e0b602e59c	Votive on Plate	After 180 AD, when the municipium was founded	Universitatea Babes Bolyai	http://inscriptionsfromdacia.altervista.org/text/fm00000166.html
UBB_02e4500b926b9a7dba825f44f8f58fed	Dedication on Plate	Severan period.	Universitatea Babes Bolyai	http://inscriptionsfromdacia.altervista.org/text/fm00000088.html
UBB_02f0ace4e9b76570bad98ff1a8799067	epitaph		Universitatea Babes Bolyai	http://inscriptionsfromdacia.altervista.org/text/rv00000178.html
UBB_0319f860772d5b0cee9773a6ef43aee5	Inscription honorifique	De 22-230, quand Iasdius Domitianus s'est trouvé à la tête de Dacie; voir I. Piso, Fasti provinciae Daciae I, Bonne 1993, p. 192-196; idem, Fasti provinciae Daciae II, Bonn 2013, p. 40-42 ; cf. L. Petersen, PIR2 J, 12.	Universitatea Babes Bolyai	http://inscriptionsfromdacia.altervista.org/text/ip00000111.html
UBB_032699b87bd5b5daf58920a90eee65cc	Inscription funéraire martelée	En raison de la formule finale, probablement à partir du milieu du IIe siècle.	Universitatea Babes Bolyai	http://inscriptionsfromdacia.altervista.org/text/ip00000264.html
UBB_03419e0a89f7a44de21e41fdfd948a9c	instrumentum		Universitatea Babes Bolyai	http://inscriptionsfromdacia.altervista.org/text/rv00000124.html
UBB_03d66ceacbd81924eb4db39dc5264586	instrumentum		Universitatea Babes Bolyai	http://inscriptionsfromdacia.altervista.org/text/rv00000324.html
UBB_04ca90de82aa0e62dfa658548c280d84		2nd century AD	Universitatea Babes Bolyai	http://inscriptionsfromdacia.altervista.org/text/rv00000407.html
UBB_04ef036d9f624b2672769645dc9e9bf8	instrumentum		Universitatea Babes Bolyai	http://inscriptionsfromdacia.altervista.org/text/rv00000315.html
UBB_051fb304ce1b4eeab4518abebfd8a200	epitaph	due to the name T. Aelius, beginning with the reign of Antoninus Pius	Universitatea Babes Bolyai	http://inscriptionsfromdacia.altervista.org/text/rv00000176.html
UBB_052931a64cdb45c1bf37a7894d407414	Funerary on Stele	In the first half of the second century, when V Macedonica legion was at Troesmis	Universitatea Babes Bolyai	http://inscriptionsfromdacia.altervista.org/text/fm00000168.html
UBB_054249a3d3bd3476756e584f699e8440	Inscription funéraire	Probablement à partir de la fin du IIème siècle, en raison de la formule finale.	Universitatea Babes Bolyai	http://inscriptionsfromdacia.altervista.org/text/ip00000141.html
UBB_0578caf8f2de673f22b283c51bdd6e14	instrumentum		Universitatea Babes Bolyai	http://inscriptionsfromdacia.altervista.org/text/rv00000316.html
UBB_058c818f842a941fcb81f880b4369878	votive inscription	2nd century AD	Universitatea Babes Bolyai	http://inscriptionsfromdacia.altervista.org/text/rv00000383.html
UBB_05b2ed64d066ca452105954405fcaaec	Inscription funéraire d'une Grata	Si la défunte a un nom de facture pérégrine, du IIème siècle.	Universitatea Babes Bolyai	http://inscriptionsfromdacia.altervista.org/text/ip00000572.html
UBB_05f007c832cb9f81766fdcf5e6473c81	Funerary on Plate	The second half of the first century AD.	Universitatea Babes Bolyai	http://inscriptionsfromdacia.altervista.org/text/fm00000069.html
UBB_06079b0447600bebd2fe2a4fdb56cff6	Estampille de la legio XIII Gemina	À partir du règne de Marc Aurèle, en raison du nomen Aurelius.	Universitatea Babes Bolyai	http://inscriptionsfromdacia.altervista.org/text/ip00000517.html
UBB_0663ecf01e78d9214b04251ba751a9fd	Inscription impériale	Probablement de 129 ou d'avant 128, en raison de AE 1979, 489 et de AE 1979, 490.	Universitatea Babes Bolyai	http://inscriptionsfromdacia.altervista.org/text/ip00000353.html
UBB_06a2c8932212082d4e5360ccf464810f	Inscription funéraire de Valeria Gemina	À partir du règne d'Hadrien, en raison du nomen Aelius, mais encore du IIème siècle, en raison de la formule hic sita est. D'autre part, sous Septime Sévère (193-211) ou sous Caracalla (212-217), la cohors III Campestris a été transférée de Drobeta à Porolissum.	Universitatea Babes Bolyai	http://inscriptionsfromdacia.altervista.org/text/ip00000568.html
UBB_06d141d40f461ed4330b7785c8e8909f	funerary inscription	3rd century	Universitatea Babes Bolyai	http://inscriptionsfromdacia.altervista.org/text/rv00000251.html
UBB_06d7b2cfc52b1cfc0e0568808ea5d947	Votive on Altar	Second century AD	Universitatea Babes Bolyai	http://inscriptionsfromdacia.altervista.org/text/fm00000155.html
UBB_07084c540782ab701411e0112d5706e4	Inscription funéraire d'un anonyme	Selon le style de la stèle, probablement du IIe siècle.	Universitatea Babes Bolyai	http://inscriptionsfromdacia.altervista.org/text/ip00000213.html
UBB_070fd380116ad8e1913078683d29efdf	Estampille de la legio XIII Gemina	Les critères de datation manquent.	Universitatea Babes Bolyai	http://inscriptionsfromdacia.altervista.org/text/ip00000523.html
UBB_073ba011b37996a08a081432f404f518	Dédicace en grec à une divinité inconnue	Du IIème siècle, en raison du nom de facture pérégrine du dédicant.	Universitatea Babes Bolyai	http://inscriptionsfromdacia.altervista.org/text/ip00000485.html
UBB_074c30d32623dbd926e5496995151627	Inscription funéraire aire d'un militaire	Dans l’inscription est probablement mentionnée une ala qui ne stationnait pas à Samum avant le IIIème siècle.	Universitatea Babes Bolyai	http://inscriptionsfromdacia.altervista.org/text/ip00000461.html
UBB_074cc0d3a62349d7978870f853d3ee3f	Inscription votive		Universitatea Babes Bolyai	http://inscriptionsfromdacia.altervista.org/text/ip00000106.html
VND_00411460f7c92d2124a67ea0f4cb5f85	Vindolanda writing tablet number 363		Vindolanda Tablets Online	http://vindolanda.csad.ox.ac.uk/4DLink2/4DACTION/WebRequestQuery?searchTerm=363&searchType=number&searchField=TVII&thisListPosition=1&thisPageNum=0
VND_006f52e9102a8d3be2fe5614f42ba989	Vindolanda writing tablet number 168		Vindolanda Tablets Online	http://vindolanda.csad.ox.ac.uk/4DLink2/4DACTION/WebRequestQuery?searchTerm=168&searchType=number&searchField=TVII&thisListPosition=1&thisPageNum=0
VND_00ac8ed3b4327bdd4ebbebcb2ba10a00	Vindolanda writing tablet number 610		Vindolanda Tablets Online	http://vindolanda.csad.ox.ac.uk/4DLink2/4DACTION/WebRequestQuery?searchTerm=610&searchType=number&searchField=TVII&thisListPosition=1&thisPageNum=0
VND_00ec53c4682d36f5c4359f4ae7bd7ba1	Vindolanda writing tablet number 381		Vindolanda Tablets Online	http://vindolanda.csad.ox.ac.uk/4DLink2/4DACTION/WebRequestQuery?searchTerm=381&searchType=number&searchField=TVII&thisListPosition=1&thisPageNum=0
VND_01161aaa0b6d1345dd8fe4e481144d84	Vindolanda writing tablet number 236		Vindolanda Tablets Online	http://vindolanda.csad.ox.ac.uk/4DLink2/4DACTION/WebRequestQuery?searchTerm=236&searchType=number&searchField=TVII&thisListPosition=1&thisPageNum=0
VND_01386bd6d8e091c2ab4c7c7de644d37b	Vindolanda writing tablet number 348		Vindolanda Tablets Online	http://vindolanda.csad.ox.ac.uk/4DLink2/4DACTION/WebRequestQuery?searchTerm=348&searchType=number&searchField=TVII&thisListPosition=1&thisPageNum=0
VND_013a006f03dbc5392effeb8f18fda755	Vindolanda writing tablet number 833		Vindolanda Tablets Online	http://vindolanda.csad.ox.ac.uk/4DLink2/4DACTION/WebRequestQuery?searchTerm=833&searchType=number&searchField=TVII&thisListPosition=1&thisPageNum=0
VND_013d407166ec4fa56eb1e1f8cbe183b9	Vindolanda writing tablet number 138		Vindolanda Tablets Online	http://vindolanda.csad.ox.ac.uk/4DLink2/4DACTION/WebRequestQuery?searchTerm=138&searchType=number&searchField=TVII&thisListPosition=1&thisPageNum=0
VND_019d385eb67632a7e958e23f24bd07d7	Vindolanda writing tablet number 433		Vindolanda Tablets Online	http://vindolanda.csad.ox.ac.uk/4DLink2/4DACTION/WebRequestQuery?searchTerm=433&searchType=number&searchField=TVII&thisListPosition=1&thisPageNum=0
VND_02522a2b2726fb0a03bb19f2d8d9524d	Vindolanda writing tablet number 134		Vindolanda Tablets Online	http://vindolanda.csad.ox.ac.uk/4DLink2/4DACTION/WebRequestQuery?searchTerm=134&searchType=number&searchField=TVII&thisListPosition=1&thisPageNum=0
VND_0266e33d3f546cb5436a10798e657d97	Vindolanda writing tablet number 245		Vindolanda Tablets Online	http://vindolanda.csad.ox.ac.uk/4DLink2/4DACTION/WebRequestQuery?searchTerm=245&searchType=number&searchField=TVII&thisListPosition=1&thisPageNum=0
VND_02a32ad2669e6fe298e607fe7cc0e1a0	Vindolanda writing tablet number 841		Vindolanda Tablets Online	http://vindolanda.csad.ox.ac.uk/4DLink2/4DACTION/WebRequestQuery?searchTerm=841&searchType=number&searchField=TVII&thisListPosition=1&thisPageNum=0
VND_0336dcbab05b9d5ad24f4333c7658a0e	Vindolanda writing tablet number 195		Vindolanda Tablets Online	http://vindolanda.csad.ox.ac.uk/4DLink2/4DACTION/WebRequestQuery?searchTerm=195&searchType=number&searchField=TVII&thisListPosition=1&thisPageNum=0
VND_0353ab4cbed5beae847a7ff6e220b5cf	Vindolanda writing tablet number 461		Vindolanda Tablets Online	http://vindolanda.csad.ox.ac.uk/4DLink2/4DACTION/WebRequestQuery?searchTerm=461&searchType=number&searchField=TVII&thisListPosition=1&thisPageNum=0
VND_03c6b06952c750899bb03d998e631860	Vindolanda writing tablet number 252		Vindolanda Tablets Online	http://vindolanda.csad.ox.ac.uk/4DLink2/4DACTION/WebRequestQuery?searchTerm=252&searchType=number&searchField=TVII&thisListPosition=1&thisPageNum=0
VND_04025959b191f8f9de3f924f0940515f	Vindolanda writing tablet number 339		Vindolanda Tablets Online	http://vindolanda.csad.ox.ac.uk/4DLink2/4DACTION/WebRequestQuery?searchTerm=339&searchType=number&searchField=TVII&thisListPosition=1&thisPageNum=0
VND_045117b0e0a11a242b9765e79cbf113f	Vindolanda writing tablet number 180		Vindolanda Tablets Online	http://vindolanda.csad.ox.ac.uk/4DLink2/4DACTION/WebRequestQuery?searchTerm=180&searchType=number&searchField=TVII&thisListPosition=1&thisPageNum=0
VND_04ecb1fa28506ccb6f72b12c0245ddbc	Vindolanda writing tablet number 595		Vindolanda Tablets Online	http://vindolanda.csad.ox.ac.uk/4DLink2/4DACTION/WebRequestQuery?searchTerm=595&searchType=number&searchField=TVII&thisListPosition=1&thisPageNum=0
VND_05049e90fa4f5039a8cadc6acbb4b2cc	Vindolanda writing tablet number 367		Vindolanda Tablets Online	http://vindolanda.csad.ox.ac.uk/4DLink2/4DACTION/WebRequestQuery?searchTerm=367&searchType=number&searchField=TVII&thisListPosition=1&thisPageNum=0
VND_051e4e127b92f5d98d3c79b195f2b291	Vindolanda writing tablet number 629		Vindolanda Tablets Online	http://vindolanda.csad.ox.ac.uk/4DLink2/4DACTION/WebRequestQuery?searchTerm=629&searchType=number&searchField=TVII&thisListPosition=1&thisPageNum=0
VND_0537fb40a68c18da59a35c2bfe1ca554	Vindolanda writing tablet number 744		Vindolanda Tablets Online	http://vindolanda.csad.ox.ac.uk/4DLink2/4DACTION/WebRequestQuery?searchTerm=744&searchType=number&searchField=TVII&thisListPosition=1&thisPageNum=0
VND_0584ce565c824b7b7f50282d9a19945b	Vindolanda writing tablet number 384		Vindolanda Tablets Online	http://vindolanda.csad.ox.ac.uk/4DLink2/4DACTION/WebRequestQuery?searchTerm=384&searchType=number&searchField=TVII&thisListPosition=1&thisPageNum=0
VND_05f971b5ec196b8c65b75d2ef8267331	Vindolanda writing tablet number 498		Vindolanda Tablets Online	http://vindolanda.csad.ox.ac.uk/4DLink2/4DACTION/WebRequestQuery?searchTerm=498&searchType=number&searchField=TVII&thisListPosition=1&thisPageNum=0
VND_060ad92489947d410d897474079c1477	Vindolanda writing tablet number 221		Vindolanda Tablets Online	http://vindolanda.csad.ox.ac.uk/4DLink2/4DACTION/WebRequestQuery?searchTerm=221&searchType=number&searchField=TVII&thisListPosition=1&thisPageNum=0
VND_06138bc5af6023646ede0e1f7c1eac75	Vindolanda writing tablet number 269		Vindolanda Tablets Online	http://vindolanda.csad.ox.ac.uk/4DLink2/4DACTION/WebRequestQuery?searchTerm=269&searchType=number&searchField=TVII&thisListPosition=1&thisPageNum=0
VND_06409663226af2f3114485aa4e0a23b4	Vindolanda writing tablet number 158		Vindolanda Tablets Online	http://vindolanda.csad.ox.ac.uk/4DLink2/4DACTION/WebRequestQuery?searchTerm=158&searchType=number&searchField=TVII&thisListPosition=1&thisPageNum=0
VND_06997f04a7db92466a2baa6ebc8b872d	Vindolanda writing tablet number 762		Vindolanda Tablets Online	http://vindolanda.csad.ox.ac.uk/4DLink2/4DACTION/WebRequestQuery?searchTerm=762&searchType=number&searchField=TVII&thisListPosition=1&thisPageNum=0
VND_069d3bb002acd8d7dd095917f9efe4cb	Vindolanda writing tablet number 580		Vindolanda Tablets Online	http://vindolanda.csad.ox.ac.uk/4DLink2/4DACTION/WebRequestQuery?searchTerm=580&searchType=number&searchField=TVII&thisListPosition=1&thisPageNum=0
VND_06eb61b839a0cefee4967c67ccb099dc	Vindolanda writing tablet number 310		Vindolanda Tablets Online	http://vindolanda.csad.ox.ac.uk/4DLink2/4DACTION/WebRequestQuery?searchTerm=310&searchType=number&searchField=TVII&thisListPosition=1&thisPageNum=0
VND_07563a3fe3bbe7e3ba84431ad9d055af	Vindolanda writing tablet number 521		Vindolanda Tablets Online	http://vindolanda.csad.ox.ac.uk/4DLink2/4DACTION/WebRequestQuery?searchTerm=521&searchType=number&searchField=TVII&thisListPosition=1&thisPageNum=0
VND_076a0c97d09cf1a0ec3e19c7f2529f2b	Vindolanda writing tablet number 594		Vindolanda Tablets Online	http://vindolanda.csad.ox.ac.uk/4DLink2/4DACTION/WebRequestQuery?searchTerm=594&searchType=number&searchField=TVII&thisListPosition=1&thisPageNum=0
VND_0777d5c17d4066b82ab86dff8a46af6f	Vindolanda writing tablet number 163		Vindolanda Tablets Online	http://vindolanda.csad.ox.ac.uk/4DLink2/4DACTION/WebRequestQuery?searchTerm=163&searchType=number&searchField=TVII&thisListPosition=1&thisPageNum=0
VND_077e29b11be80ab57e1a2ecabb7da330	Vindolanda writing tablet number 249		Vindolanda Tablets Online	http://vindolanda.csad.ox.ac.uk/4DLink2/4DACTION/WebRequestQuery?searchTerm=249&searchType=number&searchField=TVII&thisListPosition=1&thisPageNum=0
VND_07a96b1f61097ccb54be14d6a47439b0	Vindolanda writing tablet number 689		Vindolanda Tablets Online	http://vindolanda.csad.ox.ac.uk/4DLink2/4DACTION/WebRequestQuery?searchTerm=689&searchType=number&searchField=TVII&thisListPosition=1&thisPageNum=0
VND_07c5807d0d927dcd0980f86024e5208b	Vindolanda writing tablet number 713		Vindolanda Tablets Online	http://vindolanda.csad.ox.ac.uk/4DLink2/4DACTION/WebRequestQuery?searchTerm=713&searchType=number&searchField=TVII&thisListPosition=1&thisPageNum=0
VND_07cdfd23373b17c6b337251c22b7ea57	Vindolanda writing tablet number 278		Vindolanda Tablets Online	http://vindolanda.csad.ox.ac.uk/4DLink2/4DACTION/WebRequestQuery?searchTerm=278&searchType=number&searchField=TVII&thisListPosition=1&thisPageNum=0
VND_07e1cd7dca89a1678042477183b7ac3f	Vindolanda writing tablet number 119		Vindolanda Tablets Online	http://vindolanda.csad.ox.ac.uk/4DLink2/4DACTION/WebRequestQuery?searchTerm=119&searchType=number&searchField=TVII&thisListPosition=1&thisPageNum=0
VND_08419be897405321542838d77f855226	Vindolanda writing tablet number 723		Vindolanda Tablets Online	http://vindolanda.csad.ox.ac.uk/4DLink2/4DACTION/WebRequestQuery?searchTerm=723&searchType=number&searchField=TVII&thisListPosition=1&thisPageNum=0
VND_084b6fbb10729ed4da8c3d3f5a3ae7c9	Vindolanda writing tablet number 196		Vindolanda Tablets Online	http://vindolanda.csad.ox.ac.uk/4DLink2/4DACTION/WebRequestQuery?searchTerm=196&searchType=number&searchField=TVII&thisListPosition=1&thisPageNum=0
VND_087408522c31eeb1f982bc0eaf81d35f	Vindolanda writing tablet number 510		Vindolanda Tablets Online	http://vindolanda.csad.ox.ac.uk/4DLink2/4DACTION/WebRequestQuery?searchTerm=510&searchType=number&searchField=TVII&thisListPosition=1&thisPageNum=0
VND_08b255a5d42b89b0585260b6f2360bdd	Vindolanda writing tablet number 590		Vindolanda Tablets Online	http://vindolanda.csad.ox.ac.uk/4DLink2/4DACTION/WebRequestQuery?searchTerm=590&searchType=number&searchField=TVII&thisListPosition=1&thisPageNum=0
VND_08c5433a60135c32e34f46a71175850c	Vindolanda writing tablet number 597		Vindolanda Tablets Online	http://vindolanda.csad.ox.ac.uk/4DLink2/4DACTION/WebRequestQuery?searchTerm=597&searchType=number&searchField=TVII&thisListPosition=1&thisPageNum=0
VND_08d98638c6fcd194a4b1e6992063e944	Vindolanda writing tablet number 682		Vindolanda Tablets Online	http://vindolanda.csad.ox.ac.uk/4DLink2/4DACTION/WebRequestQuery?searchTerm=682&searchType=number&searchField=TVII&thisListPosition=1&thisPageNum=0
VND_091d584fced301b442654dd8c23b3fc9	Vindolanda writing tablet number 208		Vindolanda Tablets Online	http://vindolanda.csad.ox.ac.uk/4DLink2/4DACTION/WebRequestQuery?searchTerm=208&searchType=number&searchField=TVII&thisListPosition=1&thisPageNum=0
VND_0a09c8844ba8f0936c20bd791130d6b6	Vindolanda writing tablet number 144		Vindolanda Tablets Online	http://vindolanda.csad.ox.ac.uk/4DLink2/4DACTION/WebRequestQuery?searchTerm=144&searchType=number&searchField=TVII&thisListPosition=1&thisPageNum=0
VND_0aa1883c6411f7873cb83dacb17b0afc	Vindolanda writing tablet number 191		Vindolanda Tablets Online	http://vindolanda.csad.ox.ac.uk/4DLink2/4DACTION/WebRequestQuery?searchTerm=191&searchType=number&searchField=TVII&thisListPosition=1&thisPageNum=0
VND_0bb4aec1710521c12ee76289d9440817	Vindolanda writing tablet number 349		Vindolanda Tablets Online	http://vindolanda.csad.ox.ac.uk/4DLink2/4DACTION/WebRequestQuery?searchTerm=349&searchType=number&searchField=TVII&thisListPosition=1&thisPageNum=0
VND_0c74b7f78409a4022a2c4c5a5ca3ee19	Vindolanda writing tablet number 369		Vindolanda Tablets Online	http://vindolanda.csad.ox.ac.uk/4DLink2/4DACTION/WebRequestQuery?searchTerm=369&searchType=number&searchField=TVII&thisListPosition=1&thisPageNum=0
SAZU_018adf25513bfa62cc3dde1948c20c91	Inscription from Emona	1 AD - 50 AD	Znanstvenoraziskovalni center Slovenske akademije znanosti in umetnosti	http://www.edr-edr.it/edr_programmi/res_complex_comune.php?id_nr=EDR129060
SAZU_04832e3a9b4f1ecb0bd3fba1382b8491	Inscription from Emona	1 AD - 33 AD	Znanstvenoraziskovalni center Slovenske akademije znanosti in umetnosti	http://www.edr-edr.it/edr_programmi/res_complex_comune.php?id_nr=EDR129003
SAZU_06290f78656ed75d91c9c15ac9c3c228	Inscription from Emona		Znanstvenoraziskovalni center Slovenske akademije znanosti in umetnosti	http://www.edr-edr.it/edr_programmi/res_complex_comune.php?id_nr=EDR148369
SAZU_06394d4a3b28f76cabc978cdd0cf176c	Inscription from Emona		Znanstvenoraziskovalni center Slovenske akademije znanosti in umetnosti	http://www.edr-edr.it/edr_programmi/res_complex_comune.php?id_nr=EDR148403
SAZU_0661a3018e4fae17d040a5cff950f9b6	Inscription from Emona?		Znanstvenoraziskovalni center Slovenske akademije znanosti in umetnosti	http://www.edr-edr.it/edr_programmi/res_complex_comune.php?id_nr=EDR136370
SAZU_089206de42f7d609d1f0adf1a59dfc15	Inscription from Emona		Znanstvenoraziskovalni center Slovenske akademije znanosti in umetnosti	http://www.edr-edr.it/edr_programmi/res_complex_comune.php?id_nr=EDR148376
SAZU_08bd8135fe7a329aa0554b98444a2936	Inscription from Emona	1 AD - 200 AD	Znanstvenoraziskovalni center Slovenske akademije znanosti in umetnosti	http://www.edr-edr.it/edr_programmi/res_complex_comune.php?id_nr=EDR148290
SAZU_08e6daeb15c9818f588d5e26ead636b4	Inscription from Emona	-100 BC - -27 BC	Znanstvenoraziskovalni center Slovenske akademije znanosti in umetnosti	http://www.edr-edr.it/edr_programmi/res_complex_comune.php?id_nr=EDR128824
SAZU_09c8c058a94d53144245cb1a0e520c2e	Inscription from Emona	171 AD - 300 AD	Znanstvenoraziskovalni center Slovenske akademije znanosti in umetnosti	http://www.edr-edr.it/edr_programmi/res_complex_comune.php?id_nr=EDR152812
SAZU_0b3138cba42e5fa30533bf4f834f4e28	Inscription from Emona	151 AD - 250 AD	Znanstvenoraziskovalni center Slovenske akademije znanosti in umetnosti	http://www.edr-edr.it/edr_programmi/res_complex_comune.php?id_nr=EDR152817
SAZU_0c190586121317af828a18bdc8867ace	Inscription from Emona	1 AD - 33 AD	Znanstvenoraziskovalni center Slovenske akademije znanosti in umetnosti	http://www.edr-edr.it/edr_programmi/res_complex_comune.php?id_nr=EDR128995
SAZU_0c6436d81ae82b0203d9292e65961878	Inscription from Emona	101 AD - 300 AD	Znanstvenoraziskovalni center Slovenske akademije znanosti in umetnosti	http://www.edr-edr.it/edr_programmi/res_complex_comune.php?id_nr=EDR148291
SAZU_0db2bd1ee9a3e3f34c876bed109a219c	Inscription from Emona	151 AD - 200 AD	Znanstvenoraziskovalni center Slovenske akademije znanosti in umetnosti	http://www.edr-edr.it/edr_programmi/res_complex_comune.php?id_nr=EDR128992
SAZU_0f9c868393c06d29c5d7acec1dfb00fb	Inscription from Emona	1 AD - 100 AD	Znanstvenoraziskovalni center Slovenske akademije znanosti in umetnosti	http://www.edr-edr.it/edr_programmi/res_complex_comune.php?id_nr=EDR129732
SAZU_0feaa38c39e1054f2a5d1663ecd84c75	Inscription from Emona	1 AD - 50 AD	Znanstvenoraziskovalni center Slovenske akademije znanosti in umetnosti	http://www.edr-edr.it/edr_programmi/res_complex_comune.php?id_nr=EDR135194
SAZU_10773a120acd8c56dcac32382ceba32d	Inscription from Emona		Znanstvenoraziskovalni center Slovenske akademije znanosti in umetnosti	http://www.edr-edr.it/edr_programmi/res_complex_comune.php?id_nr=EDR148394
SAZU_10b65e60d2a6794413dfbda60a56f30d	Inscription from Emona		Znanstvenoraziskovalni center Slovenske akademije znanosti in umetnosti	http://www.edr-edr.it/edr_programmi/res_complex_comune.php?id_nr=EDR136412
SAZU_137eeb237530a996895854e6b855e5b9	Inscription from Emona	101 AD - 200 AD	Znanstvenoraziskovalni center Slovenske akademije znanosti in umetnosti	http://www.edr-edr.it/edr_programmi/res_complex_comune.php?id_nr=EDR148360
SAZU_149e496500cb982f92eedc9ef1679905	Inscription from Emona	101 AD - 300 AD	Znanstvenoraziskovalni center Slovenske akademije znanosti in umetnosti	http://www.edr-edr.it/edr_programmi/res_complex_comune.php?id_nr=EDR129001
SAZU_149eba143da1b5aa49000f96034e6d4a	Inscription from Emona	71 AD - 200 AD	Znanstvenoraziskovalni center Slovenske akademije znanosti in umetnosti	http://www.edr-edr.it/edr_programmi/res_complex_comune.php?id_nr=EDR129080
SAZU_163afde4c25226708ef8bc4b86bd083e	Inscription from Emona		Znanstvenoraziskovalni center Slovenske akademije znanosti in umetnosti	http://www.edr-edr.it/edr_programmi/res_complex_comune.php?id_nr=EDR148334
SAZU_1797c833c3ead68e7938c5fbb46c6f6b	Inscription from Emona	1 AD - 200 AD	Znanstvenoraziskovalni center Slovenske akademije znanosti in umetnosti	http://www.edr-edr.it/edr_programmi/res_complex_comune.php?id_nr=EDR134912
SAZU_1c29e6e51c272a25b4dc555fa67759aa	Inscription from Emona		Znanstvenoraziskovalni center Slovenske akademije znanosti in umetnosti	http://www.edr-edr.it/edr_programmi/res_complex_comune.php?id_nr=EDR148340
SAZU_1c8bf479264b4c532d435515b1a17b00	Inscription from Emona	1 AD - 130 AD	Znanstvenoraziskovalni center Slovenske akademije znanosti in umetnosti	http://www.edr-edr.it/edr_programmi/res_complex_comune.php?id_nr=EDR152914
SAZU_1cadbbc4872e843976316fb692f42227	Inscription from Emona		Znanstvenoraziskovalni center Slovenske akademije znanosti in umetnosti	http://www.edr-edr.it/edr_programmi/res_complex_comune.php?id_nr=EDR148425
SAZU_1cc6d513d208192a21f9638bf45e509a	Inscription from Emona		Znanstvenoraziskovalni center Slovenske akademije znanosti in umetnosti	http://www.edr-edr.it/edr_programmi/res_complex_comune.php?id_nr=EDR148404
SAZU_1d2d46306263aa426c036c07038566c1	Inscription from Emona		Znanstvenoraziskovalni center Slovenske akademije znanosti in umetnosti	http://www.edr-edr.it/edr_programmi/res_complex_comune.php?id_nr=EDR148384
SAZU_1d36827438f7c5f3006be199f976cdf9	Inscription from Emona	1 AD - 200 AD	Znanstvenoraziskovalni center Slovenske akademije znanosti in umetnosti	http://www.edr-edr.it/edr_programmi/res_complex_comune.php?id_nr=EDR129756
SAZU_1f1a88842ee82bee4552c9ec020a2e51	Inscription from Emona	1 AD - 33 AD	Znanstvenoraziskovalni center Slovenske akademije znanosti in umetnosti	http://www.edr-edr.it/edr_programmi/res_complex_comune.php?id_nr=EDR129035
SAZU_2096ff9c0a8d465af3fd6452921cfae6	Inscription from Emona		Znanstvenoraziskovalni center Slovenske akademije znanosti in umetnosti	http://www.edr-edr.it/edr_programmi/res_complex_comune.php?id_nr=EDR129753
